chronology_id,marker,technology_appearance,availability,actual_presence_in_village,period_2005_2010,period_2011_2018,period_2019_2026,source_ids,evidence_status,incompatibilities,source_urls
T001,Окна,Не установлена дата первой доступности конкретной модели,Установлена только для дат старта каналов; для вещей не установлена,Только явно указанная фотография/дата; в остальных случаях не установлено,Сохраненная деревянная рама как предложение; частичная замена возможна лишь по биографии,H02: часть рам заменена; старое обрамление не обязано исчезать,"V001 фиксирует позднее состояние фасада, но не год установки","[""S101""]",Предложено для игры,Вид рамы в 2021 не доказывает ее наличие в 2015,https://commons.wikimedia.org/wiki/File:New_Kyrlai_(2021-04-26)_01.jpg
T002,Кровля,Тип конкретного профиля и дата выпуска не установлены,Установлена только для дат старта каналов; для вещей не установлена,Только явно указанная фотография/дата; в остальных случаях не установлено,Старая кровля/ремонт выбираются по дому,H02: выбран более новый лист на старом корпусе,Современные кровли наблюдаются на V001 и дальнем плане V013,"[""S101"", ""S113""]",Предложено для игры,Соломенная музейная крыша не норма жилой деревни 2005–2026,"https://commons.wikimedia.org/wiki/File:New_Kyrlai_(2021-04-26)_01.jpg
https://commons.wikimedia.org/wiki/File:Sagdi-aby_house_(2021-04-26)_25.jpg"
T003,Забор и ворота,Дата распространения материалов не установлена,Установлена только для дат старта каналов; для вещей не установлена,Только явно указанная фотография/дата; в остальных случаях не установлено,Нельзя объявить все заборы деревянными,Смешанная улица — производственное решение,V001: разные материалы в одном фронте,"[""S101""]",Предложено для игры,Наличие материала не дает долю хозяйств,https://commons.wikimedia.org/wiki/File:New_Kyrlai_(2021-04-26)_01.jpg
T004,Отопление,Даты подключения конкретных домов не установлены,Установлена только для дат старта каналов; для вещей не установлена,Только явно указанная фотография/дата; в остальных случаях не установлено,"H01 печное, другие решения требуют биографии",H02 радиаторы и выбранный источник тепла; H01 сохраняет печь,Не объявлять переход завершенным для всей деревни,"[""S011"", ""S014""]",Предложено для игры,"Печь, отопительный котел и банная печь имеют разные функции","https://almet-history.tatneft.ru/istoriya/traditsionnaya-kultura/remesla-i-narodnoe-iskusstvo/d-k/zhilishche-narodnoe?lang=ru
https://historicalethnology.org/news/2024-t9-n2-10/"
T005,Вода и санитария,Подключение дома не установлено,Установлена только для дат старта каналов; для вещей не установлена,Только явно указанная фотография/дата; в остальных случаях не установлено,Решение от емкости до внутридомовой воды выбирается индивидуально,H02 водопровод/отвод как явно условная система,Исследование 2023 описывает неодновременные работы по воде,"[""S014""]",Предложено для игры,Центральная сеть в селе не доказательство наличия раковины в доме,https://historicalethnology.org/news/2024-t9-n2-10/
T006,Телевизор,Модель и год не установлены,Установлена только для дат старта каналов; для вещей не установлена,Только явно указанная фотография/дата; в остальных случаях не установлено,Кинескопный или иной выбранный аппарат после проверки модели,Можно старый телевизор и более новый телефон в одной семье,Не переносить нынешние интерфейсы OTT назад,"[""S036""]",Предложено для игры,Не определять год сцены только возрастом телевизора,https://tnv.ru/about/
T007,ТНВ-Татарстан,Начало 26.08.2002 по вещателю,Установлена только для дат старта каналов; для вещей не установлена,Только явно указанная фотография/дата; в остальных случаях не установлено,Хронологически доступен; прием дома не установлен,Хронологически доступен; конкретный эфир требует архива,Доступность конкретному дому по-прежнему не доказана,"[""S036""]",Документировано,Современный логотип/графика эфира могут не соответствовать 2015,https://tnv.ru/about/
T008,ТНВ-Планета,Начало 15.06.2012,Установлена только для дат старта каналов; для вещей не установлена,Только явно указанная фотография/дата; в остальных случаях не установлено,Не использовать эфир канала до даты старта,Возможен после запуска; прием и оборудование отдельно,"Хронологически доступен, не доказано фактическое смотрение","[""S036""]",Документировано,2011–2018 не однородный период для этого канала,https://tnv.ru/about/
T009,Шаян ТВ,Начало 12.11.2018,Установлена только для дат старта каналов; для вещей не установлена,Только явно указанная фотография/дата; в остальных случаях не установлено,Не существовал как этот канал,Исключить из 2015; возможен только в конце интервала после старта,"Допустимый кандидат по времени, не доказанный просмотр","[""S036""]",Документировано,Нельзя в 2015 ради неопределенной даты сцены,https://tnv.ru/about/
T010,Телефоны,Конкретная модель не выбрана,Установлена только для дат старта каналов; для вещей не установлена,Только явно указанная фотография/дата; в остальных случаях не установлено,Кнопочный аппарат как предложение; не статистическая норма,Разные поколения устройств у членов семьи — предложение,Современные сервисы требуют самостоятельной даты,[],Предложено для игры,Нельзя утверждать доли смартфонов без данных,
T011,Автомобили,Модель и комплектация не выбраны,Установлена только для дат старта каналов; для вещей не установлена,Только явно указанная фотография/дата; в остальных случаях не установлено,Проверить существование конкретной версии до выбранной даты,Старый автомобиль может использоваться; дата покупки не дата выпуска,Современную модель после 2015 не вводить в основной якорь,[],Предложено для игры,Не выводить достаток всех жителей по одной машине,
T012,Бытовая техника,Модели и даты приобретения не установлены,Установлена только для дат старта каналов; для вещей не установлена,Только явно указанная фотография/дата; в остальных случаях не установлено,"Отдельные старые приборы, не весь музейный комплект",H02 холодильник/стирка/чайник: согласованный авторский комплект,Новые приборы не обязаны одновременно заменять всю мебель,"[""S013""]",Предложено для игры,Производство прибора не доказывает его присутствие в конкретном хозяйстве,https://historicalethnology.org/news/2024-t9-n2-4/
T013,Вывески и объявления,Шаблон конкретного времени не выбран,Установлена только для дат старта каналов; для вещей не установлена,Только явно указанная фотография/дата; в остальных случаях не установлено,Не использовать нынешний официальный макет автоматически,Вымышленное объявление без даты/цены или с утвержденным 2015,Фотография 2021 подтверждает только видимый знак того года,"[""S101""]",Предложено для игры,Бессмысленные татарские окончания недопустимы,https://commons.wikimedia.org/wiki/File:New_Kyrlai_(2021-04-26)_01.jpg
T014,Упаковка,Точное издание дизайна не установлено,Установлена только для дат старта каналов; для вещей не установлена,Только явно указанная фотография/дата; в остальных случаях не установлено,Нейтральные бытовые емкости безопаснее выдуманного бренда,Проверить маркировку конкретного товара; не показывать современный код/редизайн без проверки,Новые способы маркировки не переносить назад,[],Предложено для игры,Не копировать этикетку 2026 для сцены 2015,
T015,Интернет и медиа,Даты подключения и локальная сеть не установлены,Установлена только для дат старта каналов; для вещей не установлена,Только явно указанная фотография/дата; в остальных случаях не установлено,Не делать вывод из общероссийской доступности,Наличие телефона не означает быстрый домашний интернет,Стриминг/мессенджер проверять по версии и доступу,"[""S036""]",Предложено для игры,Плохой интернет не объявлять свойством всей деревни,https://tnv.ru/about/
T016,"Дороги, свет и благоустройство",Исследование описывает программу с 2013 г.,Установлена только для дат старта каналов; для вещей не установлена,Только явно указанная фотография/дата; в остальных случаях не установлено,До 2013 не приписывать объект этой программе,Якорь 2015 допускает незавершенные и точечные изменения как проект,Работы 2020-х не автоматически существовали в 2015,"[""S014""]",Предложено для игры,Программа и генплан не доказательство строительства конкретного объекта,https://historicalethnology.org/news/2024-t9-n2-10/
