claim_id,text,evidence_status,scope,source_ids,source_locators,contradictions_or_limits,production_application,source_urls
C001,Новый Кырлай расположен в верховьях Ии; энциклопедия приводит 521 жителя в 2015 г. и прямо указывает татарское население.,Документировано,"Один населенный пункт, показатель 2015 г.","[""S015""]",Разделы расположения и населения,,"Основной географический ориентир, не обязательная численность вымышленного села.",https://tatarica.org/ru/razdely/municipalnye-obrazovaniya/municipalnye-rajony/arskij-rajon/novyj-kyrlaj
C002,Лесистость бассейна Ии в энциклопедии дана как 4%.,Документировано,Весь бассейн; дата показателя не установлена,"[""S016""]",Основной текст,Не доля леса в кадре или вокруг музея.,"Вводить поля, луга и разрывы между лесными фрагментами.",https://tatarica.org/ru/razdely/priroda/gidrograficheskaya-set/reki/iya
C003,"В статье об Арском районе лесистость указана как 11,9%; описаны хвойные и смешанные лесные сообщества.",Документировано,"Современный район, не исторический кантон","[""S017""]",Природа,"11,9% района не равно 11,9 га музейного леса.","Лес выбирать по одному локальному участку, не собирать все виды в каждом кадре.",https://tatarica.org/ru/razdely/municipalnye-obrazovaniya/municipalnye-rajony/arskij-rajon/arskij-rajon-1
C004,Дом Сагди-абыя восстановлен в 1976 г.; музейный комплекс имеет собственную строительную и ремонтную историю.,Документировано,Музеи Нового Кырлая,"[""S015""]",Музеи,Старый образ дома не гарантирует подлинность каждого элемента.,"Музейные интерьеры применять как исторический слой, а не жилую норму 2015 г.",https://tatarica.org/ru/razdely/municipalnye-obrazovaniya/municipalnye-rajony/arskij-rajon/novyj-kyrlaj
C005,Музейная усадьба в Кошлауче реконструирована в 1996 г.,Документировано,"Кошлауч, музей","[""S019""]",Музей,Современная дата фотографии не превращает реконструкцию в жилой интерьер.,Не использовать ее полный комплект как современный дом.,https://tatarica.org/ru/razdely/municipalnye-obrazovaniya/municipalnye-rajony/arskij-rajon/koshlauch
C006,В Старом Менгере школа закрыта в 2011 г.; мечеть открыта в 2005 г.,Документировано,Старый Менгер; даты учреждений,"[""S022""]",Социальная инфраструктура,,"Малое село может иметь мечеть, но не действующую школу.",https://tatarica.org/ru/razdely/municipalnye-obrazovaniya/municipalnye-rajony/atninskij/staryj-menger
C007,Новое здание мечети и детсад в Туембаше относятся к 2015 г.; парк — к 2016 г.,Документировано,Туембаш,"[""S024""]",Культура и образование,Не датирует аналогичные объекты в Кырлае.,Датировать новые общественные пространства по объекту.,https://tatarica.org/ru/razdely/municipalnye-obrazovaniya/municipalnye-rajony/kukmorskij-rajon-1/tuembash
C008,Статья о Верхнем Куморе прямо называет удмуртское население в показателе 2017 г.,Документировано,"Верхний Кумор, не все села Кукморского района","[""S025""]",Население,,"Оставить село контрастом, не выдавать за татарский эталон.",https://tatarica.org/ru/razdely/municipalnye-obrazovaniya/municipalnye-rajony/kukmorskij-rajon-1/verhnij-kumor
C009,Состав Сабинского лесничества охватывает территории нескольких районов; дендрарий содержит интродуцированные растения.,Документировано,Хозяйственная территория лесничества,"[""S027""]",Состав и дендрологический сад,Проценты пород не локальный квадрат леса.,Не моделировать естественный лес по коллекции дендрария.,https://tatarica.org/ru/razdely/priroda/poleznye-iskopaemye/sabinskoe-lesnichestvo
C010,Палисадники датируются серединой XX в. в локальном описании альметьевской усадьбы.,Документировано,Только изложение S010 о данном регионе,"[""S010""]",Ихата,Не дата появления палисадников у всех татар.,Изучать современный палисадник отдельно от исторической схемы двора.,https://almet-history.tatneft.ru/istoriya/traditsionnaya-kultura/remesla-i-narodnoe-iskusstvo/d-k/ihata?lang=ru
C011,Исторические варианты включают дом с сенями и многокамерные решения; в XX в. описаны новые строительные типы.,Документировано,"Альметьевский регион, историческое описание","[""S011""]",Жилище народное,,"Оставить планировочную преемственность, не копируя старую инженерную систему.",https://almet-history.tatneft.ru/istoriya/traditsionnaya-kultura/remesla-i-narodnoe-iskusstvo/d-k/zhilishche-narodnoe?lang=ru
C012,"В локальном историческом интерьере описаны сәке, разделяющая занавесь чаршау и хранение постельного текстиля.",Документировано,Альметьевский исторический материал,"[""S012""]",Интерьер,Не установлен процент использования в 2015 г.,Вводить отдельный сохраненный предмет только с биографией семьи.,https://almet-history.tatneft.ru/istoriya/traditsionnaya-kultura/remesla-i-narodnoe-iskusstvo/d-k/interer?lang=ru
C013,Автореферат Сулеймановой рассматривает изменение интерьера под воздействием промышленной мебели во второй половине XX в.,Документировано,Вывод автора по широкому Волго-Уральскому материалу,"[""S008""]",Положения и заключение автореферата,Полная диссертация и приложения не прочитаны.,Смешанный комплект вещей вероятнее цельной музейной экспозиции; конкретный комплект все равно предложение.,https://cheloveknauka.com/interier-zhilischa-volgo-uralskih-tatar-razvitie-i-etnokulturnaya-spetsifika
C014,"Шкляева разбирает технологию и композицию домовой резьбы, а происхождение некоторых форм интерпретирует через широкие исторические связи.",Документировано,"Авторская научная интерпретация, Среднее Поволжье","[""S007""]",С. 148–154,Значения и генеалогия мотивов дискуссионны.,Воспроизводить конструкцию и ритм; не приписывать универсальные обереговые значения.,https://kpfu.ru/portal/docs/F_715431455/4_02.pdf
C015,"На V001 различимы секционное ограждение, металлическая калитка, кирпичная стойка и современная кровля.",Наблюдается,Один ракурс улицы 26.04.2021,"[""S101""]",V001,Материал секций предположительно формованный минеральный; точный состав не определен.,Не делать все ограждения деревянными или резными.,https://commons.wikimedia.org/wiki/File:New_Kyrlai_(2021-04-26)_01.jpg
C016,На V001 видна влажная придорожная полоса и не облиственные ветви.,Наблюдается,"Один ракурс, конец апреля 2021","[""S101""]",V001,Нет масштабной линейки; нельзя установить ширину канавы.,Показать неоднородную сухость покрытия и границу талой воды.,https://commons.wikimedia.org/wiki/File:New_Kyrlai_(2021-04-26)_01.jpg
C017,"На V002 видны белоствольные деревья, летняя листва и спокойная поверхность водоема.",Наблюдается,"Новый Кырлай, 15.07.2014","[""S102""]",V002,Определение дерева до рода Betula; точное название водоема не установлено.,Береговая сцена без неподтвержденных точных видов и глубин.,https://commons.wikimedia.org/wiki/File:2014-07-15_14-02-02_Тукай-Кырлай.jpg
C018,"На V003 три подушки образуют вертикальную стопку, ткани различаются.",Наблюдается,Музейная экспозиция 26.04.2021,"[""S103""]",V003,Не действующее хозяйство и не доказательство материалов волокон.,"Использовать принцип складывания текстиля, но не копировать весь музей.",https://commons.wikimedia.org/wiki/File:Sagdi-aby_house_interior_(2021-04-26)_05.jpg
C019,"На V004 печь, текстильное разделение и предметы исторического быта находятся в современной музейной экспозиции.",Наблюдается,"Дом-музей Сагди-абыя, 2021","[""S104""]",V004,Полный план и функции экспозиционных предметов не извлечены.,"Печь проектировать по ее работе, если она выбрана для H01, а не как универсальный центр H02.",https://commons.wikimedia.org/wiki/File:Sagdi-aby_house_interior_(2021-04-26)_21.jpg
C020,"Сагдиева описывает неодновременные ремонты дорог, освещения и водоснабжения в 2013–2023 гг.",Документировано,16 интервью в пяти муниципальных образованиях; не все жители Татарстана,"[""S014""]","С. 264, 267–269",Выборка управленцев и активистов; нет дат ремонта Кырлая.,"Уточнять год для тротуара, светильника и водопровода отдельно.",https://historicalethnology.org/news/2024-t9-n2-10/
C021,Ханипова сопоставляет разные семейные возможности и сохранение советских вещей по интервью и семейным архивам.,Документировано,Конкретные семьи; события 1960–1970-х и поздние воспоминания,"[""S013""]","С. 189, 191, 194–195",Память и семейная самооценка не нейтральная статистика.,Создать разные биографии предметов; свадебный сувенир может остаться в более позднем доме.,https://historicalethnology.org/news/2024-t9-n2-4/
C022,"По официальной истории ТНВ-Татарстан начал вещание 26.08.2002, ТНВ-Планета — 15.06.2012.",Документировано,Даты вещателя,"[""S036""]",История каналов,Не доказательство приема в конкретном доме.,Кандидаты медиасреды 2015 г. после выбора телевизионного приема.,https://tnv.ru/about/
C023,По официальной истории Шаян ТВ начал вещание 12.11.2018.,Документировано,Дата вещателя,"[""S036""]",Шаян ТВ,,Исключить эфир Шаян ТВ из основной сцены 2015 г.,https://tnv.ru/about/
C024,"Таткультресурсцентр создан в 2020 г. в результате реорганизации, включавшей прежний центр традиционной культуры.",Документировано,Институциональная история,"[""S035""]",Об учреждении,,Искать старые записи также под прежним названием.,https://tatcultresurs.ru/gbu-tatkultresurscentr
C025,"Энциклопедия Шурале объединяет варианты с разным обликом, включая волосатую мужскую и женскую формы.",Документировано,Вторичный научный обзор,"[""S030""]",Внешность,Паспорта первичных записей не изучены.,Выбирать один вариант; не собирать все признаки автоматически.,https://tatarica.org/ru/razdely/narody/tatary/verovaniya-i-mifologiya/mifologicheskie-personazhi/shurale
C026,"В тексте Тукая Шүрәле описан нагим и очень худым, с длинными пальцами и рогом.",Документировано,Литературное произведение 1907 г.,"[""S031""]","Часть IV, страница файла 3",Эти строки не описывают шерстяной покров; современный набор не критическое издание.,Тонкая антропоморфная пластика — литературно обоснованный вариант.,https://tugan-tel.tatar/adabiyat/shigriyat/Gabdulla_Tukai/shurale.pdf
C027,"В поэме Тукая присутствуют приглашение к щекотке, защемление пальцев и словесная уловка с Былтыр.",Документировано,Одна литературная версия,"[""S031""]",Части IV–V,Не обязательно каждое фольклорное сказание содержит все три мотива.,Пальцы и способность говорить важнее стандартных когтей лесного монстра.,https://tugan-tel.tatar/adabiyat/shigriyat/Gabdulla_Tukai/shurale.pdf
C028,В энциклопедии описан отдельный сюжет взаимодействия Шурале с лошадью; в прочитанной поэме такого эпизода нападения на лошадь нет.,Документировано,Сопоставление S030 и S031,"[""S030"", ""S031""]",Сюжетные типы; поэма целиком,Присутствие лошади у дровосека не равно мотиву ночной езды Шурале.,Не выдавать эпизод с лошадью за сцену Тукая.,"https://tatarica.org/ru/razdely/narody/tatary/verovaniya-i-mifologiya/mifologicheskie-personazhi/shurale
https://tugan-tel.tatar/adabiyat/shigriyat/Gabdulla_Tukai/shurale.pdf"
C029,"Публикация о кряшенах передает материал Максимова 1867 г. с мотивами, известными до поэмы Тукая.",Документировано,Опосредованный пересказ исторической записи,"[""S033""]",Раздел о Максимове,Оригинал 1867 г. не просмотрен; локализация и редакторская обработка не восстановлены.,Указывать уровень посредничества; не объявлять Тукая изобретателем всего сюжета.,https://tuganaylar.ru/news/etnografichsekaya-mozaika/persona-shurale-v-verovaniyah-kryashen
C030,В пересказе Максимова названия Урман эясе и Шурале перечисляются отдельно.,Документировано,Один переданный источник о кряшенских верованиях,"[""S033""]",Перечень персонажей,Это не доказательство полной раздельности персонажей во всех традициях.,Не объединять имена автоматически и не строить универсальную классификацию.,https://tuganaylar.ru/news/etnografichsekaya-mozaika/persona-shurale-v-verovaniyah-kryashen
C031,Точные ширины улиц и участков современной основной модели не установлены.,Не установлено,"Новый и Старый Кырлай, 2005–2026","[""S015"", ""S018"", ""S101""]",Нет доступного обмера или снимка с проверяемым масштабом,,"Все численные параметры планов ниже — проектные, не этнографические замеры.","https://tatarica.org/ru/razdely/municipalnye-obrazovaniya/municipalnye-rajony/arskij-rajon/novyj-kyrlaj
https://tatarica.org/ru/razdely/municipalnye-obrazovaniya/municipalnye-rajony/arskij-rajon/staryj-kyrlaj
https://commons.wikimedia.org/wiki/File:New_Kyrlai_(2021-04-26)_01.jpg"
C032,Прямо обследованных действующих жилых интерьеров основной модели не получено.,Не установлено,Частные дома верховьев Ии в 2010-х,"[""S008"", ""S103"", ""S104""]",,Музейные кадры и исторический автореферат не закрывают пробел.,Интерьерные комплекты H01–H05 — согласованные предложения с полевой проверкой.,"https://cheloveknauka.com/interier-zhilischa-volgo-uralskih-tatar-razvitie-i-etnokulturnaya-spetsifika
https://commons.wikimedia.org/wiki/File:Sagdi-aby_house_interior_(2021-04-26)_05.jpg
https://commons.wikimedia.org/wiki/File:Sagdi-aby_house_interior_(2021-04-26)_21.jpg"
C033,Верифицированных прослушанных полевых аудиозаписей в пакете нет.,Не установлено,Звуки основной модели,"[""S035"", ""S037""]",,,Не выдавать производственный звуковой атлас за акустическую съемку; таймкоды оставить null.,"https://tatcultresurs.ru/gbu-tatkultresurscentr
https://www.youtube.com/watch?v=jgc8aln7CI8"
C034,Внутренний ориентир 2015 ± 1 год выбран для согласования предметов; диапазон проекта 2005–2026 не изменен.,Предложено для игры,Вымышленная деревня,"[""S015"", ""S102"", ""S115"", ""S014"", ""S036""]",,Референс 2021 г. нельзя автоматически переносить в 2015.,"Дата должна храниться в метаданных каждой сцены, даже если не видна игроку.","https://tatarica.org/ru/razdely/municipalnye-obrazovaniya/municipalnye-rajony/arskij-rajon/novyj-kyrlaj
https://commons.wikimedia.org/wiki/File:2014-07-15_14-02-02_Тукай-Кырлай.jpg
https://commons.wikimedia.org/wiki/File:Мемориальный_музей_Габдуллы_Тукая.jpg
https://historicalethnology.org/news/2024-t9-n2-10/
https://tnv.ru/about/"
C035,Основная пространственная модель — вымышленное село верховьев Ии; Новый и Старый Кырлай совместимы как географическая пара.,Предложено для игры,Не копия реального населенного пункта,"[""S015"", ""S016"", ""S018""]",,"Кошлауч — сравнительный масштаб, не тот же водосбор.","Сохранить открытый сельский ландшафт, не копировать музейный туристический центр.","https://tatarica.org/ru/razdely/municipalnye-obrazovaniya/municipalnye-rajony/arskij-rajon/novyj-kyrlaj
https://tatarica.org/ru/razdely/priroda/gidrograficheskaya-set/reki/iya
https://tatarica.org/ru/razdely/municipalnye-obrazovaniya/municipalnye-rajony/arskij-rajon/staryj-kyrlaj"
C036,Улица ST01 имеет проектный профиль 16 м между ограждениями и 22 м между фасадами при палисадниках по 3 м.,Предложено для игры,Только проект ST01,[],,"Ни норматив, ни результат обмера.","4,5 м дорога + 2×0,75 обочины + 2×1 канавы + 2×4 зеленые полосы.",
C037,H02 проектируется на участке 22×55 м с корпусом дома 10×8 м и боковым входом через сени.,Предложено для игры,Только H02,"[""S011"", ""S013""]",,Современный план не извлечен из исторических источников.,Согласовать наружные проемы с комнатами и свободный подъезд к сараю.,"https://almet-history.tatneft.ru/istoriya/traditsionnaya-kultura/remesla-i-narodnoe-iskusstvo/d-k/zhilishche-narodnoe?lang=ru
https://historicalethnology.org/news/2024-t9-n2-4/"
C038,"Градиент износа строится по воде, касанию и движению, а не по равномерной грязевой маске.",Предложено для игры,Материалы всех сцен,"[""S101"", ""S109"", ""S116""]",,"Характер физически мотивирован, точный возраст покрытия неизвестен.","Брызги у цоколя, лоск у защелки, след от стока и чистая зона регулярного прохода.","https://commons.wikimedia.org/wiki/File:New_Kyrlai_(2021-04-26)_01.jpg
https://commons.wikimedia.org/wiki/File:Sagdi-aby_house_interior_(2021-04-26)_16.jpg
https://commons.wikimedia.org/wiki/File:Gabdulla_Tukay_Museum,_New_Kyrlai_(2024-03-28)_01.jpg"
C039,Детальные сорта садовых цветов и их распространенность в Кырлае не установлены.,Не установлено,Палисадники основной модели,"[""S101"", ""S102""]",,Районная флора и рекомендации садоводам не перечень посадок дома.,До проверки использовать формы посадок и растения-кандидаты с отдельным статусом.,"https://commons.wikimedia.org/wiki/File:New_Kyrlai_(2021-04-26)_01.jpg
https://commons.wikimedia.org/wiki/File:2014-07-15_14-02-02_Тукай-Кырлай.jpg"
C040,"Татарские бытовые термины в пакете имеют источник употребления, но местное произношение и реплики носителем не проверены.",Не установлено,Речь конкретного поколения и села,"[""S012"", ""S031"", ""S034""]",,,Не синтезировать финальные диалоги по одному словарю.,"https://almet-history.tatneft.ru/istoriya/traditsionnaya-kultura/remesla-i-narodnoe-iskusstvo/d-k/interer?lang=ru
https://tugan-tel.tatar/adabiyat/shigriyat/Gabdulla_Tukai/shurale.pdf
https://suzlek.antat.ru/"
