dimension_id,object_id,parameter,unit,observed_value,proposed_game_value,method,precision_or_error,evidence_status,date_of_material,source_ids,limits,source_urls
D001,ST01,Проезжая часть,м,,4.5,Проектное назначение,Не погрешность измерения: число задано,Предложено для игры,,[],Не обмер и не норматив,
D002,ST01,Обочина с каждой стороны,м,,0.75,Проектное назначение,Задано,Предложено для игры,,[],,
D003,ST01,Канава в плане с каждой стороны,м,,1.0,Проектное назначение,Задано,Предложено для игры,,[],"Глубина отдельно, по фото не получена",
D004,ST01,Зеленая полоса до ограждения с каждой стороны,м,,4.0,Проектное назначение,Задано,Предложено для игры,,[],"Пешеходный след внутри полосы, не еще одна добавочная ширина",
D005,ST01,Между ограждениями,м,,16.0,"Сумма 4,5+2×(0,75+1+4)",Точная арифметика проекта,Предложено для игры,,[],,
D006,ST01,Между линиями фасадов,м,,22.0,16+3+3,Точная арифметика проекта,Предложено для игры,,[],Только симметричный участок ST01,
D007,ST02,Между ограждениями старого бокового проезда,м,,12.0,"3,5+2×(0,5+0,75+3)",Точная арифметика проекта,Предложено для игры,,[],,
D008,ST03,Между ограждениями обновленного участка,м,,18.0,"5,5+2×(0,75+1+3,75)",Точная арифметика проекта,Предложено для игры,,[],"Одна пешеходная полоса 1,2 м включена в зеленую полосу, не прибавлена к итогу",
D009,H02,Ширина участка,м,,22,Проектное назначение,Задано; не оценка реального объекта,Предложено для игры,,[],Проверить пространственную пригодность; историческая типичность не заявлена,
D010,H02,Глубина участка,м,,55,Проектное назначение,Задано; не оценка реального объекта,Предложено для игры,,[],Проверить пространственную пригодность; историческая типичность не заявлена,
D011,H02,Фронт палисадника,м,,10,Проектное назначение,Задано; не оценка реального объекта,Предложено для игры,,[],Проверить пространственную пригодность; историческая типичность не заявлена,
D012,H02,Глубина палисадника,м,,3,Проектное назначение,Задано; не оценка реального объекта,Предложено для игры,,[],Проверить пространственную пригодность; историческая типичность не заявлена,
D013,H02,Ширина дома по наружному контуру,м,,10,Проектное назначение,Задано; не оценка реального объекта,Предложено для игры,,[],Проверить пространственную пригодность; историческая типичность не заявлена,
D014,H02,Глубина дома по наружному контуру,м,,8,Проектное назначение,Задано; не оценка реального объекта,Предложено для игры,,[],Проверить пространственную пригодность; историческая типичность не заявлена,
D015,H02,Ширина ворот в свету,м,,3.5,Проектное назначение,Задано; не оценка реального объекта,Предложено для игры,,[],Проверить пространственную пригодность; историческая типичность не заявлена,
D016,H02,Ширина калитки в свету,м,,1.0,Проектное назначение,Задано; не оценка реального объекта,Предложено для игры,,[],Проверить пространственную пригодность; историческая типичность не заявлена,
D017,H02,"Ширина проектной проездной полосы справа, x=17…22",м,,5,Проектное назначение,Задано; не оценка реального объекта,Предложено для игры,,[],Проверить пространственную пригодность; историческая типичность не заявлена,
D018,H02,Высота ограждения,м,,1.6,Проектное назначение,Задано; не оценка реального объекта,Предложено для игры,,[],Проверить пространственную пригодность; историческая типичность не заявлена,
D019,H02,Высота потолка,м,,2.6,Проектное назначение,Задано; не оценка реального объекта,Предложено для игры,,[],Проверить пространственную пригодность; историческая типичность не заявлена,
D020,H02,Канава: глубина ниже обочины,м,,0.35,Проектное назначение,Задано; не оценка реального объекта,Предложено для игры,,[],Проверить пространственную пригодность; историческая типичность не заявлена,
D021,H02,Баня: ширина,м,,4,Проектное назначение,Задано; не оценка реального объекта,Предложено для игры,,[],Проверить пространственную пригодность; историческая типичность не заявлена,
D022,H02,Баня: глубина,м,,5,Проектное назначение,Задано; не оценка реального объекта,Предложено для игры,,[],Проверить пространственную пригодность; историческая типичность не заявлена,
D023,H02,Огород: глубина выделенной зоны,м,,20,Проектное назначение,Задано; не оценка реального объекта,Предложено для игры,,[],Проверить пространственную пригодность; историческая типичность не заявлена,
D024,SC09,Пешеходная тропа к воде,м,,1.2,Проектное назначение,Задано; не оценка реального объекта,Предложено для игры,,[],Проверить пространственную пригодность; историческая типичность не заявлена,
D025,SC11,Полоса травянистой опушки,м,,15,Проектное назначение,Задано; не оценка реального объекта,Предложено для игры,,[],Проверить пространственную пригодность; историческая типичность не заявлена,
D026,SC12,Тропа в лесном фрагменте,м,,1.2,Проектное назначение,Задано; не оценка реального объекта,Предложено для игры,,[],Проверить пространственную пригодность; историческая типичность не заявлена,
D027,SC09,Ширина модельного ручья,м,,2,Проектное назначение,Задано; не оценка реального объекта,Предложено для игры,,[],Проверить пространственную пригодность; историческая типичность не заявлена,
D028,SC09,Ширина модельного мостика,м,,1.5,Проектное назначение,Задано; не оценка реального объекта,Предложено для игры,,[],Проверить пространственную пригодность; историческая типичность не заявлена,
D029,Ия,Длина реки,км,21.9,,Прямое значение энциклопедии,Точность исходного показателя не раскрыта,Документировано,,"[""S016""]",Не длина игровой реки,https://tatarica.org/ru/razdely/priroda/gidrograficheskaya-set/reki/iya
D030,Ия,Площадь бассейна,км²,117,,Прямое значение энциклопедии,Не раскрыта,Документировано,,"[""S016""]",,https://tatarica.org/ru/razdely/priroda/gidrograficheskaya-set/reki/iya
D031,Новый Кырлай,Охраняемый лесной участок при музее,га,11.9,,Прямое значение энциклопедии,Не раскрыта,Документировано,,"[""S015""]",Не площадь окружающей тайги и не процент лесистости,https://tatarica.org/ru/razdely/municipalnye-obrazovaniya/municipalnye-rajony/arskij-rajon/novyj-kyrlaj
