gap_id,question,impact,verification_method,priority,status
G001,Нет фактических обмеров улиц и участков Нового/Старого Кырлая,Геометрия достоверна только как согласованный проект,"С согласия владельцев измерить 3 профиля улицы, 6 фронтов участков и 3 двора; отдельно канавы/фасады/заборы",Критично,Не выполнено; требуется проверка
G002,Нет обследованных действующих интерьеров 2010-х,H01–H05 нельзя называть документальной реконструкцией,"6 домов: вход, все стены комнат, узлы отопления/воды; интервью о датах перестановок и ремонтов",Критично,Не выполнено; требуется проверка
G003,Не получены полные фольклорные записи и паспорта,Невозможно доказательно локализовать каждую версию Шурале,Получить сборник 1987 и оригинал Максимова; сверить Коблова 1910 по страницам,Критично,Не выполнено; требуется проверка
G004,Нет прослушанных полевых аудиозаписей,"Звуковая карта содержит задания, не этнографические фонограммы",Записать улицу/двор/кухню/берег/лес по 5–10 минут в двух сезонах; журнал погоды и источников,Критично,Не выполнено; требуется проверка
G005,Четыре локальные фотографии низкого разрешения,Нельзя извлекать профили резьбы и текстуру материала,"Получить оригиналы по паспортам V001–V016; проверить EXIF, подписи и права",Высоко,Не выполнено; требуется проверка
G006,Визуальная выборка смещена к дому-музею,Нет основания для типичности интерьеров и дворов,"Добавить независимых авторов и обычные жилые улицы, не 50 кадров одного музея",Критично,Не выполнено; требуется проверка
G007,Сорта и частота садовых растений не установлены,Палисадник нельзя выдавать за точную местную ботанику,Повторная съемка 8 палисадников весной/летом/осенью; опрос хозяев; ботаник,Высоко,Не выполнено; требуется проверка
G008,Локальная речь и ударения не проверены,Риск искусственной татарской речи,Редактор-носитель из выбранного района + отдельные проверки старшего и младшего поколения,Критично,Не выполнено; требуется проверка
G009,Содержание шамаиля и права на изображение не выбраны,Риск бессмысленной или неуместной религиозной надписи,"Музейный паспорт, специалист по арабографической татарской культуре, лицензирование",Высоко,Не выполнено; требуется проверка
G010,"Даты газификации, воды и интернета конкретных домов не известны",Инженерная и медийная хронология условна,"Архив сельского поселения, документы подключений без лишних персональных данных, интервью",Критично,Не выполнено; требуется проверка
G011,Полевой архив Халикова не получен,Нельзя извлечь обещанные обмеры из сообщения об архиве,"Обращение в Институт истории: опись фондов, цифровые дневники, чертежи с инвентарными номерами",Высоко,Не выполнено; требуется проверка
G012,Издание усадьбы 2011 имеет библиографическое расхождение,Риск неверной ссылки и смешения изданий,"Снимок титула и оборота, каталог РГБ/РНБ или издательства",Средне,Не выполнено; требуется проверка
G013,Текстильная монография 2022 не прочитана,Нет музейных размеров/состава ряда тканей,Получить разрешенный доступ через ИЯЛИ/библиотеку; изучить приложения,Высоко,Не выполнено; требуется проверка
G014,Отсутствуют повторные сезонные ракурсы обычного дома,Сезонный атлас — сравнительное предложение,"Одна фиксированная точка съемки в 8 состояниях, включая оттепель",Высоко,Не выполнено; требуется проверка
G015,Местное звучание религиозной и общественной жизни не установлено,Нельзя назначать постоянный азан или музыку из клуба,"С согласия сообщества уточнить расписание, усиление, дистанции и правила записи",Высоко,Не выполнено; требуется проверка
G016,Не проверены музейные каталоги по всем обязательным учреждениям,Предметные сведения ограничены фотографиями и текстами,"Национальный музей РТ, ГМИИ РТ, РЭМ, МАЭ, Госкаталог: карточки выбранных предметов",Высоко,Не выполнено; требуется проверка
G017,Нет балетно-театрального и иллюстративного корпуса с правами,"Современные художественные слои описаны как направления, не изученная иконография","Сверить издания иллюстраций, постановки, костюмы и права; не копировать сценический образ",Средне,Не выполнено; требуется проверка
G018,Не установлена статистическая распространенность техники и автомобилей,Предлагаемые комплекты не показывают доли устройств,Домохозяйственные опросы/датированные семейные фото; дату модели сверять с изготовителем,Высоко,Не выполнено; требуется проверка
