household_id,name,family,time,building,interior,water,yard,repair_history,must_not,plan,evidence_status,source_ids,claim_ids,source_urls
H01,Старый поддерживаемый дом,Пожилой хозяин/хозяйка; родственники приезжают,"2015, проектная биография",Срубный одноэтажный корпус 8×7 м; боковые сени 2×4 м; локально замененная кровля,Сохраненная печь как действующий источник тепла; серийная мебель позднего XX в.; отдельное место сложенного текстиля; электрический чайник,Умывальная зона с емкостью; вода не возникает в кране без выбранного подключения,"Огород меньшего объема, дровник, баня, хозяйственный сарай без обязательного скота",Условно 1980-е мебель; условно 2008 ремонт крыши; даты художественные,Не полный музей; не ежедневная готовка только в печи; не обязательная бедность,diagrams/interiors/H01_plan.svg,Предложено для игры,"[""S008"", ""S011"", ""S012"", ""S013"", ""S014""]","[""C013"", ""C020"", ""C021"", ""C032""]","https://cheloveknauka.com/interier-zhilischa-volgo-uralskih-tatar-razvitie-i-etnokulturnaya-spetsifika
https://almet-history.tatneft.ru/istoriya/traditsionnaya-kultura/remesla-i-narodnoe-iskusstvo/d-k/zhilishche-narodnoe?lang=ru
https://almet-history.tatneft.ru/istoriya/traditsionnaya-kultura/remesla-i-narodnoe-iskusstvo/d-k/interer?lang=ru
https://historicalethnology.org/news/2024-t9-n2-4/
https://historicalethnology.org/news/2024-t9-n2-10/"
H02,Частично модернизированный семейный дом,"Двое взрослых, школьник, приезжающая бабушка","2015, проектная биография","Корпус 10×8 м, сени 3×4 м, участок 22×55 м; три фронтальных окна","Жилая комната, спальня, кухня, Т-образная связующая зона, санитарная и техническая комнаты; радиаторное отопление","Мойка, санузел и стиральная машина объединены выбранной схемой воды и отвода; источник тепла в задней технической зоне","Проезд справа; сарай, дровник и баня в глубине; огород после хозяйственной зоны",Условно советский корпус; условно 2009 металлическая кровля; условно 2013 частичная замена окон,Кухонное окно не должно оказаться за сенями; крыльцо не перекрывает проезд; телевизор не перекрывает дверной проход,diagrams/interiors/H02_plan.svg,Предложено для игры,"[""S008"", ""S011"", ""S012"", ""S013"", ""S014""]","[""C013"", ""C020"", ""C021"", ""C032""]","https://cheloveknauka.com/interier-zhilischa-volgo-uralskih-tatar-razvitie-i-etnokulturnaya-spetsifika
https://almet-history.tatneft.ru/istoriya/traditsionnaya-kultura/remesla-i-narodnoe-iskusstvo/d-k/zhilishche-narodnoe?lang=ru
https://almet-history.tatneft.ru/istoriya/traditsionnaya-kultura/remesla-i-narodnoe-iskusstvo/d-k/interer?lang=ru
https://historicalethnology.org/news/2024-t9-n2-4/
https://historicalethnology.org/news/2024-t9-n2-10/"
H03,Дом семьи с активным хозяйством,Несколько взрослых; работа на участке и вне него; дети не выполняют все хозяйство,"2015, проектная биография",Корпус 11×8 м с хозяйственно ориентированным боковым входом,Отдельная грязная входная зона; обычная кухня и чистая жилая комната; дополнительное хранение,"Разделены питьевая вода, хозяйственная емкость и вода для животных; не общая декоративная бочка",Два функциональных сектора; корм и подстилка рядом с сараем; путь тележки не через цветник,"Разные пристройки объясняются расширением хозяйства, а не случайным набором фасадов",Не держать навоз у входа в кухню; не превращать рабочий двор в непрерывный зеленый газон,diagrams/interiors/H03_plan.svg,Предложено для игры,"[""S008"", ""S011"", ""S012"", ""S013"", ""S014""]","[""C013"", ""C020"", ""C021"", ""C032""]","https://cheloveknauka.com/interier-zhilischa-volgo-uralskih-tatar-razvitie-i-etnokulturnaya-spetsifika
https://almet-history.tatneft.ru/istoriya/traditsionnaya-kultura/remesla-i-narodnoe-iskusstvo/d-k/zhilishche-narodnoe?lang=ru
https://almet-history.tatneft.ru/istoriya/traditsionnaya-kultura/remesla-i-narodnoe-iskusstvo/d-k/interer?lang=ru
https://historicalethnology.org/news/2024-t9-n2-4/
https://historicalethnology.org/news/2024-t9-n2-10/"
H04,Более новый дом с городской связью,"Работающие в районе/городе взрослые, регулярный автомобиль","2015, проектная биография",Одноэтажный корпус 12×9 м; более цельный ремонт; гараж или навес отдельно,Современная кухня; компактные спальни; рабочее место; несколько семейных старых предметов,"Полная бытовая инженерия как выбранное свойство конкретного дома, не средний уровень села","Больше твердого покрытия для парковки, меньше хозяйственных построек; возможен небольшой огород",Условное строительство 2007–2010; часть мебели переехала от родителей,Не делать коттедж показателем отсутствия татарской культуры; не добавлять музейный комплект ради этничности,diagrams/interiors/H04_plan.svg,Предложено для игры,"[""S008"", ""S011"", ""S012"", ""S013"", ""S014""]","[""C013"", ""C020"", ""C021"", ""C032""]","https://cheloveknauka.com/interier-zhilischa-volgo-uralskih-tatar-razvitie-i-etnokulturnaya-spetsifika
https://almet-history.tatneft.ru/istoriya/traditsionnaya-kultura/remesla-i-narodnoe-iskusstvo/d-k/zhilishche-narodnoe?lang=ru
https://almet-history.tatneft.ru/istoriya/traditsionnaya-kultura/remesla-i-narodnoe-iskusstvo/d-k/interer?lang=ru
https://historicalethnology.org/news/2024-t9-n2-4/
https://historicalethnology.org/news/2024-t9-n2-10/"
H05,Сезонно используемая усадьба,"Семья живет в городе, приезжает на выходные/лето","2015, проектная биография",Старый корпус 8×7 м; сени и отдельный сарай,"Сохраненная мебель, простая кухонная зона, складное дополнительное спальное место; меньше повседневного мелкого беспорядка зимой","Зимнее отключение воды предусмотрено только как выбранная история, не универсальное правило",Нерегулярный покос по границам; основная дорожка может быть чистой в день приезда,"Одна недавно замененная дверь рядом с старой отделкой; необходимые, а не декоративные ремонты",Сезонность не равна заброшенности; летом электричество и холодильник могут работать,diagrams/interiors/H05_plan.svg,Предложено для игры,"[""S008"", ""S011"", ""S012"", ""S013"", ""S014""]","[""C013"", ""C020"", ""C021"", ""C032""]","https://cheloveknauka.com/interier-zhilischa-volgo-uralskih-tatar-razvitie-i-etnokulturnaya-spetsifika
https://almet-history.tatneft.ru/istoriya/traditsionnaya-kultura/remesla-i-narodnoe-iskusstvo/d-k/zhilishche-narodnoe?lang=ru
https://almet-history.tatneft.ru/istoriya/traditsionnaya-kultura/remesla-i-narodnoe-iskusstvo/d-k/interer?lang=ru
https://historicalethnology.org/news/2024-t9-n2-4/
https://historicalethnology.org/news/2024-t9-n2-10/"
H06,Отдельное неиспользуемое хозяйство,Не задается по внешности здания,"2015, проектный контраст",Один пустующий объект вне основной линии ухоженных домов,"Только после выбора причины прекращения пользования; не универсальные ковры, детские игрушки и мистические надписи",Не изображать рабочие краны и свежие теплые батареи в полностью отключенном доме,Зарастание по последовательности: редко используемые зоны прежде главной дорожки,"Локальные дефекты с причиной: неработающий водосток, протечка, отсутствие обслуживания",Запустение не характеристика этноса и не фон всей деревни,,Предложено для игры,"[""S008"", ""S011"", ""S012"", ""S013"", ""S014""]","[""C013"", ""C020"", ""C021"", ""C032""]","https://cheloveknauka.com/interier-zhilischa-volgo-uralskih-tatar-razvitie-i-etnokulturnaya-spetsifika
https://almet-history.tatneft.ru/istoriya/traditsionnaya-kultura/remesla-i-narodnoe-iskusstvo/d-k/zhilishche-narodnoe?lang=ru
https://almet-history.tatneft.ru/istoriya/traditsionnaya-kultura/remesla-i-narodnoe-iskusstvo/d-k/interer?lang=ru
https://historicalethnology.org/news/2024-t9-n2-4/
https://historicalethnology.org/news/2024-t9-n2-10/"
