term_id,name_tt,translation_ru,source_ids,context,spelling_status,pronunciation_status,limits,source_urls
TT01,өй,дом,"[""S011""]",Название жилища в письменном источнике,Зафиксировано в прочитанном источнике; независимая словарная сверка не выполнена,Требуется носитель,Местную разговорную форму проверить,https://almet-history.tatneft.ru/istoriya/traditsionnaya-kultura/remesla-i-narodnoe-iskusstvo/d-k/zhilishche-narodnoe?lang=ru
TT02,өйалды,сени / передняя часть дома в данном описании,"[""S011""]",Историческое описание планировки,Зафиксировано в прочитанном источнике; независимая словарная сверка не выполнена,Требуется носитель,Не автоматически современная прихожая любого типа,https://almet-history.tatneft.ru/istoriya/traditsionnaya-kultura/remesla-i-narodnoe-iskusstvo/d-k/zhilishche-narodnoe?lang=ru
TT03,нигез,основание / фундамент в контексте источника,"[""S011""]",Строительный термин,Зафиксировано в прочитанном источнике; независимая словарная сверка не выполнена,Требуется носитель,Оттенки значения и произношение требуют словарной сверки,https://almet-history.tatneft.ru/istoriya/traditsionnaya-kultura/remesla-i-narodnoe-iskusstvo/d-k/zhilishche-narodnoe?lang=ru
TT04,идән,пол,"[""S011""]",Внутреннее устройство дома,Зафиксировано в прочитанном источнике; независимая словарная сверка не выполнена,Требуется носитель,Разговорное употребление в конкретном селе не проверено,https://almet-history.tatneft.ru/istoriya/traditsionnaya-kultura/remesla-i-narodnoe-iskusstvo/d-k/zhilishche-narodnoe?lang=ru
TT05,сәке,нары / приподнятая платформа,"[""S012""]",Исторический интерьер,Зафиксировано в прочитанном источнике; независимая словарная сверка не выполнена,Требуется носитель,Не общее слово для любого дивана,https://almet-history.tatneft.ru/istoriya/traditsionnaya-kultura/remesla-i-narodnoe-iskusstvo/d-k/interer?lang=ru
TT06,чаршау,занавесь / разделяющая занавеска,"[""S012""]",Разделение исторического интерьера,Зафиксировано в прочитанном источнике; независимая словарная сверка не выполнена,Требуется носитель,Не приписывать каждому современному тюлю эту функцию,https://almet-history.tatneft.ru/istoriya/traditsionnaya-kultura/remesla-i-narodnoe-iskusstvo/d-k/interer?lang=ru
TT07,түрләмә,локальный вид декоративного текстиля,"[""S012""]",Указанные альметьевские села,Зафиксировано в прочитанном источнике; независимая словарная сверка не выполнена,Требуется носитель,Не универсальное украшение дома верховьев Ии,https://almet-history.tatneft.ru/istoriya/traditsionnaya-kultura/remesla-i-narodnoe-iskusstvo/d-k/interer?lang=ru
TT08,Шүрәле,Шурале,"[""S031""]",Название и персонаж авторского татарского текста,Зафиксировано в прочитанном источнике; независимая словарная сверка не выполнена,Требуется носитель,Актерское произношение проверить носителем,https://tugan-tel.tatar/adabiyat/shigriyat/Gabdulla_Tukai/shurale.pdf
TT09,Былтыр,в прошлом году; имя-уловка в сюжете,"[""S031""]",Словесная двусмысленность,Зафиксировано в прочитанном источнике; независимая словарная сверка не выполнена,Требуется носитель,Не настоящее имя всех героев,https://tugan-tel.tatar/adabiyat/shigriyat/Gabdulla_Tukai/shurale.pdf
TT10,ур.,сокращение на уличной табличке,"[""S101""]",Наблюдаемая пара русской и татарской адресной строки,Зафиксировано в прочитанном источнике; независимая словарная сверка не выполнена,Требуется носитель,Развернутый макет таблички и пунктуацию проверить перед выпуском,https://commons.wikimedia.org/wiki/File:New_Kyrlai_(2021-04-26)_01.jpg
