motif_id,motif,source_ids,region_time,layer,agreement_and_difference,game_application,distortion_risk,collector,performer,primary_record_passport,source_urls
MF01,Длинные пальцы,"[""S030"", ""S031""]",Обзор без паспортов; поэма 1907,Научный обзор / литература,Совпадение в обзоре и поэме; конкретная гипербола длины литературная,"Силуэт рук, хват и подвижность пальцев; численный размер проектный",Не заменять пальцы когтями и не выдавать гиперболу за обмер,,,Не установлен; см. уровень доступа источника,"https://tatarica.org/ru/razdely/narody/tatary/verovaniya-i-mifologiya/mifologicheskie-personazhi/shurale
https://tugan-tel.tatar/adabiyat/shigriyat/Gabdulla_Tukai/shurale.pdf"
MF02,Рог,"[""S030"", ""S031""]",То же,Научный обзор / литература,"В обзоре бывает, в поэме присутствует; не универсален",Выбранный литературный вариант с одним небольшим лобным рогом,Не обязательный гигантский олений венец,,,Не установлен; см. уровень доступа источника,"https://tatarica.org/ru/razdely/narody/tatary/verovaniya-i-mifologiya/mifologicheskie-personazhi/shurale
https://tugan-tel.tatar/adabiyat/shigriyat/Gabdulla_Tukai/shurale.pdf"
MF03,Волосатость,"[""S030"", ""S031""]",То же,Обобщение вариантов / литература,Волосатая форма в энциклопедии; в прочитанном описании Тукая нагота и худоба,Два раздельных дизайн-направления вместо смешанного канона,"Не говорить, что Тукай описывает обязательную густую шерсть",,,Не установлен; см. уровень доступа источника,"https://tatarica.org/ru/razdely/narody/tatary/verovaniya-i-mifologiya/mifologicheskie-personazhi/shurale
https://tugan-tel.tatar/adabiyat/shigriyat/Gabdulla_Tukai/shurale.pdf"
MF04,Щекотка,"[""S030"", ""S031""]",То же,Научный обзор / литература,Повторяющийся мотив; его социальная интонация меняется,"Непривычный телесный контакт, предложение поиграть, словесная ловушка",Не сводить контакт к обычному удару когтем,,,Не установлен; см. уровень доступа источника,"https://tatarica.org/ru/razdely/narody/tatary/verovaniya-i-mifologiya/mifologicheskie-personazhi/shurale
https://tugan-tel.tatar/adabiyat/shigriyat/Gabdulla_Tukai/shurale.pdf"
MF05,Защемление пальцев,"[""S030"", ""S031"", ""S033""]",1867 в пересказе 2013; 1907,Обзор / литература / опосредованный исторический пересказ,"Связь с клином и расщелиной подтверждается несколькими слоями, не независимыми полевыми записями",Изобразить правдоподобную механику клина в литературной интерпретации,"Не утверждать, что три публикации — три независимых информанта",,,Не установлен; см. уровень доступа источника,"https://tatarica.org/ru/razdely/narody/tatary/verovaniya-i-mifologiya/mifologicheskie-personazhi/shurale
https://tugan-tel.tatar/adabiyat/shigriyat/Gabdulla_Tukai/shurale.pdf
https://tuganaylar.ru/news/etnografichsekaya-mozaika/persona-shurale-v-verovaniyah-kryashen"
MF06,Былтыр,"[""S031"", ""S033""]",1907; материал 1867 в публикации 2013,Литература / пересказ записи,Имя-уловка связано со значением «в прошлом году»,Сохранить смысл двусмысленности при локализации,Не превращать Былтыр в установленное настоящее имя всякого дровосека,,,Не установлен; см. уровень доступа источника,"https://tugan-tel.tatar/adabiyat/shigriyat/Gabdulla_Tukai/shurale.pdf
https://tuganaylar.ru/news/etnografichsekaya-mozaika/persona-shurale-v-verovaniyah-kryashen"
MF07,Лошадь и смола,"[""S030""]",Паспорта отдельных записей не прочитаны,Научный обзор фольклорных вариантов,Отдельный сюжетный тип; не эпизод поэмы Тукая,Отдельная авторская ветвь после чтения полного варианта,Не склеивать с поэмой без обозначения источников,,,Не установлен; см. уровень доступа источника,https://tatarica.org/ru/razdely/narody/tatary/verovaniya-i-mifologiya/mifologicheskie-personazhi/shurale
MF08,"Вода, собака, вывернутая одежда","[""S030""]",Локальные паспорта не установлены,Научный обзор,Указаны как средства защиты/ограничения в обзоре; не универсальный набор законов,Оставить как возможные сведения персонажей с оговорками,Не превращать воду в безусловную игровую кислоту для всех Шурале,,,Не установлен; см. уровень доступа источника,https://tatarica.org/ru/razdely/narody/tatary/verovaniya-i-mifologiya/mifologicheskie-personazhi/shurale
MF09,Голос и речь,"[""S031""]",1907,Литература,Крик и диалог прямо присутствуют; реального акустического эталона нет,Речевая пластика и резкая смена интонации; оригинальная актерская запись,Не объявлять конкретный тембр этнографически установленным,,,Не установлен; см. уровень доступа источника,https://tugan-tel.tatar/adabiyat/shigriyat/Gabdulla_Tukai/shurale.pdf
MF10,Другие Шурале,"[""S031""]",1907,Литература,В конце поэмы присутствуют другие существа; реакция связана с уловкой,"Ощущение социальности, а не единственного биологического монстра",Не делать по литературному эпизоду универсальную иерархию существ,,,Не установлен; см. уровень доступа источника,https://tugan-tel.tatar/adabiyat/shigriyat/Gabdulla_Tukai/shurale.pdf
MF11,Женский облик,"[""S030""]",Точные записи не изучены,Обобщение фольклорных вариантов,Энциклопедия допускает иной облик,Самостоятельное направление после уточнения первичного текста,Не вводить как сенсационное свойство без указания слоя,,,Не установлен; см. уровень доступа источника,https://tatarica.org/ru/razdely/narody/tatary/verovaniya-i-mifologiya/mifologicheskie-personazhi/shurale
MF12,Размножение от крови / проклятая деревня,"[""S030""]",Паспорт не установлен,Отдельный вариант в научном обзоре,"Привязано к отдельному рассказу, а не всему корпусу",До первичного текста не делать основой мира,Одноименное авторское стихотворение не тождественно фольклорной записи,,,Не установлен; см. уровень доступа источника,https://tatarica.org/ru/razdely/narody/tatary/verovaniya-i-mifologiya/mifologicheskie-personazhi/shurale
