plant_id,name_ru,taxon,identification_confidence,evidence_status,source_ids,visual_ids,scope,appearance,seasonal_stages,placement,observed_adult_height_m,proposed_game_height_m,height_status,limits,source_urls
P001,Береза,Betula sp.,Род по изображению,Наблюдается,"[""S102""]","[""V002""]",Берег водоема 15.07.2014,Белый ствол с темными участками; мелкая листва,Листопадная крона; фактические даты распускания не установлены,Береговая группа,,12,Предложено для игры,Не назначать вид pendula/pubescens без дополнительных признаков,https://commons.wikimedia.org/wiki/File:2014-07-15_14-02-02_Тукай-Кырлай.jpg
P002,Ель,Picea sp.,Региональное указание рода,Документировано,"[""S017""]",[],"Арский район, не конкретный двор","Коническая хвойная масса, нижние ветви по освещенности",Хвоя зимой; снег на ветвях зависит от эпизода,Лесной фрагмент,,16,Предложено для игры,Не переносить парковую аллею музея в естественный лес без изменения структуры,https://tatarica.org/ru/razdely/municipalnye-obrazovaniya/municipalnye-rajony/arskij-rajon/arskij-rajon-1
P003,Сосна,Pinus sp.,Региональное указание рода,Документировано,"[""S017""]",[],Районный лес,Открытая крона зрелого дерева; стволы разной освещенности,Вечнозеленая основа; отдельная сезонность подлеска,Более сухой участок как проект,,18,Предложено для игры,Тип почвы и конкретное сообщество требуют проверки,https://tatarica.org/ru/razdely/municipalnye-obrazovaniya/municipalnye-rajony/arskij-rajon/arskij-rajon-1
P004,Липа,Tilia sp.,Род в региональном описании,Документировано,"[""S017""]",[],Районные леса,Широколиственная крона,Листопадное состояние зимой; сроки не зафиксированы,Смешанная древесная группа,,14,Предложено для игры,Не назначать процент из лесничества конкретной роще,https://tatarica.org/ru/razdely/municipalnye-obrazovaniya/municipalnye-rajony/arskij-rajon/arskij-rajon-1
P005,Дуб,Quercus sp.,Род в региональном описании,Документировано,"[""S017""]",[],Арский район,Более тяжелая ветвистая масса,Листопадность; не синхронизировать распускание с березой по одному параметру,Отдельная широколиственная группа,,16,Предложено для игры,Не все деревья должны быть вековыми великанами,https://tatarica.org/ru/razdely/municipalnye-obrazovaniya/municipalnye-rajony/arskij-rajon/arskij-rajon-1
P006,Осина,Populus tremula как кандидат к региональному названию,Название породы в региональном тексте; вид на кадре не определен,Документировано,"[""S027""]",[],Более широкий сравнительный лесной регион,Лиственное дерево; фактический локальный вид требует проверки,Сезонность проектируется отдельно от хвойных,Лесная группа только после уточнения,,14,Предложено для игры,Не утверждать присутствие на V002,https://tatarica.org/ru/razdely/priroda/poleznye-iskopaemye/sabinskoe-lesnichestvo
P007,Луговые и придорожные травы,,Жизненная форма,Наблюдается,"[""S101"", ""S102""]","[""V001"", ""V002""]",Обочина и берег на отдельных фото,"Смешанная высота, не один газонный материал",Снег/сухие остатки/молодая трава/летняя масса — разные состояния,"Обочина, канава, берег",,0.45,Предложено для игры,Состав трав не установлен; не подписывать виды по дальнему плану,"https://commons.wikimedia.org/wiki/File:New_Kyrlai_(2021-04-26)_01.jpg
https://commons.wikimedia.org/wiki/File:2014-07-15_14-02-02_Тукай-Кырлай.jpg"
P008,Кустарник палисадника,,Жизненная форма,Наблюдается,"[""S101""]","[""V001""]",Растение без листьев на одном кадре,Ветвистая масса за ограждением,Зимой просветов больше; цветение не назначено,Перед фасадом,,1.5,Предложено для игры,Не называть сиренью без проверки,https://commons.wikimedia.org/wiki/File:New_Kyrlai_(2021-04-26)_01.jpg
P009,Садовые цветы-кандидаты,,Вид не установлен,Предложено для игры,[],[],"H02, только авторский комплект",Низкая полоса и отдельные более высокие акценты,"Планировать одну фазу цветения, не все лето сразу",Палисадник,,0.4,Предложено для игры,Петуния/георгин/флокс не считаются доказанными для этого хозяйства,
P010,Плодовое дерево-кандидат,,Не определено для основной деревни,Предложено для игры,"[""S013""]",[],H03; исторические яблоки в другом локальном материале не доказательство,Невысокая обслуживаемая крона как проект,Плодоношение только в выбранном сезонном состоянии,Сад за домом,,3,Предложено для игры,Не приписывать каждому дереву одинаковые спелые яблоки весь год,https://historicalethnology.org/news/2024-t9-n2-4/
P011,«Герань» как комнатное название,,Бытовой фитоним; ботаническая идентификация не выполнена,Документировано,"[""S012""]",[],Исторический альметьевский интерьер,Комнатное растение; по источнику без надежного видового определения,"Внутри дома режим иной, чем уличная фенология",Подоконник H01 как предлагаемое сохранение,,0.35,Предложено для игры,Не выводить вид Pelargonium из одного бытового названия автоматически,https://almet-history.tatneft.ru/istoriya/traditsionnaya-kultura/remesla-i-narodnoe-iskusstvo/d-k/interer?lang=ru
P012,Фикус,Ficus sp.,Род по письменному источнику,Документировано,"[""S012""]",[],Исторический локальный интерьер,Крупнолистное комнатное растение-кандидат,Не переносится на улицу зимой,Светлая часть H01 как предложение,,1.2,Предложено для игры,Современное присутствие в Кырлае не установлено,https://almet-history.tatneft.ru/istoriya/traditsionnaya-kultura/remesla-i-narodnoe-iskusstvo/d-k/interer?lang=ru
