scene_id,name,evidence_status,time_anchor,spatial_layout,observed_dimensions,proposed_dimensions,critical_assets,desired_assets,optional_assets,spatial_dependencies,materials,vegetation,wear,seasonal_variants,sound_ids,source_ids,visual_reference_notes,connected_scenes,diagram_path,shurale_variant,source_urls
SC01,Въезд и первый вид деревни,Предложено для игры,2015 ±1,Переход подъездной дороги к ST01; предлагаемый видимый участок 160 м,,Переход подъездной дороги к ST01; предлагаемый видимый участок 160 м,"[""A001"", ""A002"", ""A005"", ""A011""]","[""A048"", ""A054""]",Добавлять только по биографии хозяйства и без блокировки проходов,"Линия полей и домов открыта; лесной фрагмент виден отдельно, не кольцом стен",Материалы и износ — карточки соответствующих A-ID,P-ID и сезонный атлас; точные садовые виды требуют проверки,"Касание, сток и движение; см. A-ID",Дорога тверже края; снегоуборка зимой меняет ширину прохода,"[""AV001"", ""AV008""]","[""S015"", ""S016"", ""S017"", ""S014""]",V001,"[""SC02"", ""SC08""]",diagrams/village/village_structure.svg,,"https://tatarica.org/ru/razdely/municipalnye-obrazovaniya/municipalnye-rajony/arskij-rajon/novyj-kyrlaj
https://tatarica.org/ru/razdely/priroda/gidrograficheskaya-set/reki/iya
https://tatarica.org/ru/razdely/municipalnye-obrazovaniya/municipalnye-rajony/arskij-rajon/arskij-rajon-1
https://historicalethnology.org/news/2024-t9-n2-10/"
SC02,Жилая улица ST01,Предложено для игры,2015 ±1,16 м ограждение–ограждение; 22 м фасад–фасад только при палисадниках 3+3 м,,16 м ограждение–ограждение; 22 м фасад–фасад только при палисадниках 3+3 м,"[""A001"", ""A002"", ""A003"", ""A004"", ""A005"", ""A008""]","[""A006"", ""A011""]",Добавлять только по биографии хозяйства и без блокировки проходов,"Разные поколения ремонта; ворота соотносятся с переездом, не с деревом",Материалы и износ — карточки соответствующих A-ID,P-ID и сезонный атлас; точные садовые виды требуют проверки,"Касание, сток и движение; см. A-ID","Влага у низких точек, снег у ограждений; не ровная маска на всей улице","[""AV001"", ""AV002""]","[""S101"", ""S014""]",V001,"[""SC01"", ""SC03"", ""SC08""]",diagrams/streets/street_profiles.svg,,"https://commons.wikimedia.org/wiki/File:New_Kyrlai_(2021-04-26)_01.jpg
https://historicalethnology.org/news/2024-t9-n2-10/"
SC03,Калитка и палисадник,Предложено для игры,2015 ±1,"Фронт цветника H02 10 м, глубина 3 м; калитка 1 м, ворота 3,5 м — проект",,"Фронт цветника H02 10 м, глубина 3 м; калитка 1 м, ворота 3,5 м — проект","[""A009"", ""A010"", ""A011"", ""A043""]","[""A007"", ""A008"", ""A044""]",Добавлять только по биографии хозяйства и без блокировки проходов,Дорожка к сеням не идет через клумбу; видимость окна частично меняется листвой,Материалы и износ — карточки соответствующих A-ID,P-ID и сезонный атлас; точные садовые виды требуют проверки,"Касание, сток и движение; см. A-ID","Весной видно ветвление, летом больше закрыто; поздней осенью не все цветы продолжают цвести","[""AV002""]","[""S101"", ""S010""]",V001,"[""SC02"", ""SC04""]",diagrams/homesteads/H02_lot.svg,Отдельная художественная вариация: необычная речь/пауза/поведение без превращения обычного быта в этнический хоррор,"https://commons.wikimedia.org/wiki/File:New_Kyrlai_(2021-04-26)_01.jpg
https://almet-history.tatneft.ru/istoriya/traditsionnaya-kultura/remesla-i-narodnoe-iskusstvo/d-k/ihata?lang=ru"
SC04,Семейный двор H02,Предложено для игры,2015 ±1,"Участок 22×55 м; дом x=3…13,y=3…11; сени x=13…16,y=5…9",,"Участок 22×55 м; дом x=3…13,y=3…11; сени x=13…16,y=5…9","[""A012"", ""A015"", ""A016"", ""A017"", ""A039"", ""A041""]","[""A038"", ""A040"", ""A044""]",Добавлять только по биографии хозяйства и без блокировки проходов,Проездная полоса справа 5 м; огород y=32…52; люди могут пройти к бане без обхода дома через улицу,Материалы и износ — карточки соответствующих A-ID,P-ID и сезонный атлас; точные садовые виды требуют проверки,"Касание, сток и движение; см. A-ID",Вода у выпуска и въезда; чистый путь к сеням и более грубый к сараю,"[""AV002"", ""AV005""]","[""S010"", ""S011"", ""S101""]",V001;V013,"[""SC03"", ""SC05"", ""SC07"", ""SC10""]",diagrams/homesteads/H02_lot.svg,,"https://almet-history.tatneft.ru/istoriya/traditsionnaya-kultura/remesla-i-narodnoe-iskusstvo/d-k/ihata?lang=ru
https://almet-history.tatneft.ru/istoriya/traditsionnaya-kultura/remesla-i-narodnoe-iskusstvo/d-k/zhilishche-narodnoe?lang=ru
https://commons.wikimedia.org/wiki/File:New_Kyrlai_(2021-04-26)_01.jpg"
SC05,Сени и кухня H02,Предложено для игры,2015 ±1,"Корпус 10×8 м; сени 3×4 м; кухня по осям 3,5×3 м — проект, не чистовая площадь",,"Корпус 10×8 м; сени 3×4 м; кухня по осям 3,5×3 м — проект, не чистовая площадь","[""A016"", ""A018"", ""A019"", ""A020"", ""A021"", ""A022"", ""A023""]","[""A024"", ""A031""]",Добавлять только по биографии хозяйства и без блокировки проходов,"Дверь из сеней ведет в связующую зону; кухня справа спереди, ее фронтальное окно видно с улицы",Материалы и износ — карточки соответствующих A-ID,P-ID и сезонный атлас; точные садовые виды требуют проверки,"Касание, сток и движение; см. A-ID","Зимой грязь остается у наружного входа; летом открытое окно меняет звук, но не весь дом распахнут","[""AV003"", ""AV002""]","[""S008"", ""S011"", ""S013""]","V004 как исторический контраст, не современный образец","[""SC04"", ""SC06""]",diagrams/interiors/H02_plan.svg,,"https://cheloveknauka.com/interier-zhilischa-volgo-uralskih-tatar-razvitie-i-etnokulturnaya-spetsifika
https://almet-history.tatneft.ru/istoriya/traditsionnaya-kultura/remesla-i-narodnoe-iskusstvo/d-k/zhilishche-narodnoe?lang=ru
https://historicalethnology.org/news/2024-t9-n2-4/"
SC06,Жилая комната H02,Предложено для игры,2015 ±1,Левая передняя зона 5×4 м по осям; два фронтальных окна; вход из связующей зоны,,Левая передняя зона 5×4 м по осям; два фронтальных окна; вход из связующей зоны,"[""A025"", ""A029"", ""A030""]","[""A026"", ""A028"", ""A032"", ""A034""]",Добавлять только по биографии хозяйства и без блокировки проходов,Экран виден с дивана; стол имеет подход; семейное фото не изображает реальных владельцев,Материалы и износ — карточки соответствующих A-ID,P-ID и сезонный атлас; точные садовые виды требуют проверки,"Касание, сток и движение; см. A-ID",Зимние занавески и свет; теплое окно не означает яркий свет в каждом доме,"[""AV004""]","[""S008"", ""S013"", ""S036""]",V003 — только принцип складывания текстиля,"[""SC05""]",diagrams/interiors/H02_plan.svg,Отдельная художественная вариация: необычная речь/пауза/поведение без превращения обычного быта в этнический хоррор,"https://cheloveknauka.com/interier-zhilischa-volgo-uralskih-tatar-razvitie-i-etnokulturnaya-spetsifika
https://historicalethnology.org/news/2024-t9-n2-4/
https://tnv.ru/about/"
SC07,Баня и хозяйственный сарай,Предложено для игры,2015 ±1,"Баня 4×5 м проект, сарай 7×8 м проект; отдельные входы со двора",,"Баня 4×5 м проект, сарай 7×8 м проект; отдельные входы со двора","[""A038"", ""A039"", ""A040""]","[""A045""]",Добавлять только по биографии хозяйства и без блокировки проходов,Дрова сухо хранятся под навесом; инструменты не образуют музейный ряд,Материалы и износ — карточки соответствующих A-ID,P-ID и сезонный атлас; точные садовые виды требуют проверки,"Касание, сток и движение; см. A-ID",Топка и мойка — событие; зимой тропа к используемой постройке расчищена,"[""AV006"", ""AV005""]","[""S010"", ""S011""]",V012;V014 — только исторический музейный контраст,"[""SC04""]",diagrams/homesteads/H02_lot.svg,,"https://almet-history.tatneft.ru/istoriya/traditsionnaya-kultura/remesla-i-narodnoe-iskusstvo/d-k/ihata?lang=ru
https://almet-history.tatneft.ru/istoriya/traditsionnaya-kultura/remesla-i-narodnoe-iskusstvo/d-k/zhilishche-narodnoe?lang=ru"
SC08,Небольшой общественный узел,Предложено для игры,2015 ±1,"Магазин, остановка и подход; площадка 30×24 м — проект",,"Магазин, остановка и подход; площадка 30×24 м — проект","[""A047"", ""A048""]","[""A046"", ""A049"", ""A050""]",Добавлять только по биографии хозяйства и без блокировки проходов,Подъезд и разгрузка не перекрывают весь тротуар; школа не обязательна в игровом масштабе,Материалы и износ — карточки соответствующих A-ID,P-ID и сезонный атлас; точные садовые виды требуют проверки,"Касание, сток и движение; см. A-ID","Снег убирают к краю, а не внутрь входа; объявления меняются по событию","[""AV012""]","[""S015"", ""S022"", ""S014""]",Нет подходящего локального документального ракурса в сохраненном ядре,"[""SC01"", ""SC02"", ""SC09""]",diagrams/village/village_structure.svg,,"https://tatarica.org/ru/razdely/municipalnye-obrazovaniya/municipalnye-rajony/arskij-rajon/novyj-kyrlaj
https://tatarica.org/ru/razdely/municipalnye-obrazovaniya/municipalnye-rajony/atninskij/staryj-menger
https://historicalethnology.org/news/2024-t9-n2-10/"
SC09,Путь к воде,Предложено для игры,2015 ±1,"Тропа 1,2 м; модельный ручей 2 м; мостик 1,5 м — все проектные, не ширина Ии",,"Тропа 1,2 м; модельный ручей 2 м; мостик 1,5 м — все проектные, не ширина Ии","[""A051"", ""A053""]","[""A052""]",Добавлять только по биографии хозяйства и без блокировки проходов,Берег ниже улицы в выбранном рельефе; вода не течет вверх ради композиции,Материалы и износ — карточки соответствующих A-ID,P-ID и сезонный атлас; точные садовые виды требуют проверки,"Касание, сток и движение; см. A-ID",Весенний расход и летний пруд — разные состояния; лед не обещает безопасный переход,"[""AV007""]","[""S016"", ""S102""]",V002,"[""SC08"", ""SC10""]",diagrams/village/landscape_transition.svg,,"https://tatarica.org/ru/razdely/priroda/gidrograficheskaya-set/reki/iya
https://commons.wikimedia.org/wiki/File:2014-07-15_14-02-02_Тукай-Кырлай.jpg"
SC10,Окраина и рабочее поле,Предложено для игры,2015 ±1,После последних дворов оставить открытый промежуток 120 м в проекте,,После последних дворов оставить открытый промежуток 120 м в проекте,"[""A041"", ""A054""]","[""A039"", ""A045""]",Добавлять только по биографии хозяйства и без блокировки проходов,"Задние границы участков, полевая дорога и водоотвод объясняют переход",Материалы и износ — карточки соответствующих A-ID,P-ID и сезонный атлас; точные садовые виды требуют проверки,"Касание, сток и движение; см. A-ID",Работа в поле не постоянна; после уборки появляется другой силуэт горизонта,"[""AV008"", ""AV001""]","[""S016"", ""S017""]",Нет прямого панорамного локального фото поля в ядре,"[""SC04"", ""SC09"", ""SC11""]",diagrams/village/landscape_transition.svg,,"https://tatarica.org/ru/razdely/priroda/gidrograficheskaya-set/reki/iya
https://tatarica.org/ru/razdely/municipalnye-obrazovaniya/municipalnye-rajony/arskij-rajon/arskij-rajon-1"
SC11,Опушка,Предложено для игры,2015 ±1,Проектная переходная полоса 15 м; кусты/подрост/деревья не ровной стеной,,Проектная переходная полоса 15 м; кусты/подрост/деревья не ровной стеной,"[""A054"", ""A055""]","[""A053""]",Добавлять только по биографии хозяйства и без блокировки проходов,Полевой ветер и лесная тень меняются постепенно; сохраняется вид назад на открытое место,Материалы и износ — карточки соответствующих A-ID,P-ID и сезонный атлас; точные садовые виды требуют проверки,"Касание, сток и движение; см. A-ID",До распускания листьев дальняя видимость выше; в разные даты разные звуковые кандидаты,"[""AV009"", ""AV008""]","[""S017"", ""S027""]",V002 не заменяет обследование опушки,"[""SC10"", ""SC12""]",diagrams/village/landscape_transition.svg,Отдельная художественная вариация: необычная речь/пауза/поведение без превращения обычного быта в этнический хоррор,"https://tatarica.org/ru/razdely/municipalnye-obrazovaniya/municipalnye-rajony/arskij-rajon/arskij-rajon-1
https://tatarica.org/ru/razdely/priroda/poleznye-iskopaemye/sabinskoe-lesnichestvo"
SC12,Лесной фрагмент,Предложено для игры,2015 ±1,"Проектный модуль глубиной 180 м; тропа около 1,2 м, не норматив",,"Проектный модуль глубиной 180 м; тропа около 1,2 м, не норматив","[""A055""]","[""A053""]",Добавлять только по биографии хозяйства и без блокировки проходов,Один выбранный лесной тип; валежник и проход объясняются деревьями и рельефом,Материалы и износ — карточки соответствующих A-ID,P-ID и сезонный атлас; точные садовые виды требуют проверки,"Касание, сток и движение; см. A-ID","Лиственный опад, влажность подстилки и снег меняются вместе с сезоном","[""AV010"", ""AV016""]","[""S017"", ""S027"", ""S031""]",Нет серии детальных натурных фото естественного лесного квартала,"[""SC11""]",diagrams/village/landscape_transition.svg,Отдельная художественная вариация: необычная речь/пауза/поведение без превращения обычного быта в этнический хоррор,"https://tatarica.org/ru/razdely/municipalnye-obrazovaniya/municipalnye-rajony/arskij-rajon/arskij-rajon-1
https://tatarica.org/ru/razdely/priroda/poleznye-iskopaemye/sabinskoe-lesnichestvo
https://tugan-tel.tatar/adabiyat/shigriyat/Gabdulla_Tukai/shurale.pdf"
