season_id,name,time_window,evidence_status,road_and_verge,water,vegetation,household_activity,sound,visual_ids,limitation
SE01,Снеготаяние,"Конец зимы/весна, не фиксированный день",Предложено для игры,Оголяется проезд; снежные борта сохраняются в тени; мокрый край,Усиленный сток; грязные ледяные перемычки не везде,Голые ветви и прошлогодняя трава,Очистка прохода и проверка воды; резиновая обувь по необходимости,"Капли, вода, мокрые шаги; без летних насекомых","[""V001"", ""V016""]","Сравнительное производственное состояние, не повторная фотосъемка одного объекта; календарные даты не гарантируются"
SE02,Весенняя распутица,После схода основной массы снега,Предложено для игры,Грунтовый проезд и твердая дорога реагируют по-разному,"Лужи в понижениях, не на вершине гряды",Молодая трава перемежается с прошлогодней,"Подсыпка съезда, перенос инвентаря к сухому входу","Вязкий шаг, вода в канаве; не постоянный грозовой ливень","[""V001""]","Сравнительное производственное состояние, не повторная фотосъемка одного объекта; календарные даты не гарантируются"
SE03,Ранняя листва,Весенний переход,Предложено для игры,"Покрытие постепенно просыхает, сохраняются затененные мокрые места",Расход воды меняется отдельно от появления листьев,Не все породы распускаются одновременно,Первые работы с почвой как выбранный эпизод,Птицы после проверки сезона; без непрерывной летней ночной трели,[],"Сравнительное производственное состояние, не повторная фотосъемка одного объекта; календарные даты не гарантируются"
SE04,Начало лета,Выбранный раннелетний эпизод,Предложено для игры,"Сухой верх грунта или дождевой эпизод, но не оба равномерно","Полив локальный, водоем не обязан быть прозрачным","Свежая листовая масса, не осенние семена одновременно","Косить отдельные зоны, сушить белье при подходящей погоде","Разговоры, легкий ветер, редкие работы во дворе",[],"Сравнительное производственное состояние, не повторная фотосъемка одного объекта; календарные даты не гарантируются"
SE05,Середина/позднее лето,Основной художественный сезон,Предложено для игры,Пыль на сухих участках; после дождя иной вариант,Спокойная поверхность возможна без быстрого течения,Плотная листва; видимость двора через растения ниже,"Полив, отдых у открытого окна, работа в огороде","Листва, птицы по времени суток, насекомые как проверяемый кандидат","[""V002""]","Сравнительное производственное состояние, не повторная фотосъемка одного объекта; календарные даты не гарантируются"
SE06,Уборка урожая,"Позднее лето/ранняя осень, по культуре",Предложено для игры,Часть хозяйственных маршрутов активнее,Шланги и емкости перемещаются по работе,Грядки убраны не одновременно,"Ящики, мешки и сортировка в сухом месте; не постоянная гора овощей","Ведро, ящики, шаги, редкий транспорт",[],"Сравнительное производственное состояние, не повторная фотосъемка одного объекта; календарные даты не гарантируются"
SE07,Поздняя осень,После значительного листопада,Предложено для игры,Листья скапливаются у ограды; тропа может быть очищена,Канаву очищают как возможный конкретный эпизод,Лиственные кроны разрежены; хвойные сохраняют массу,"Уборка части летнего инвентаря, теплые слои одежды","Ветер, сухие/мокрые листья; не летний насекомый хор","[""V015""]","Сравнительное производственное состояние, не повторная фотосъемка одного объекта; календарные даты не гарантируются"
SE08,Первый снег,Кратковременный осенне-зимний эпизод,Предложено для игры,Тонкий неравномерный покров; трава выступает,Вода еще может быть открытой,Голые ветви без сплошной тяжелой снежной шапки,Следы первых проходов; смена обуви,Шаг по смешанному покрытию; снег не обязательно скрипит,[],"Сравнительное производственное состояние, не повторная фотосъемка одного объекта; календарные даты не гарантируются"
SE09,Устойчивая зима,Проектный морозный период,Предложено для игры,"Расчищенный проезд, борта после уборки; тропа к используемому сараю",Замерзание не доказывает безопасную толщину льда,"Меньшая видимость листвы, хвойный экран сохраняется","Дрова/отопление по типу дома, короткая работа снаружи","Моторы и отдельные голоса; без полива, летних птиц и травяного шороха",[],"Сравнительное производственное состояние, не повторная фотосъемка одного объекта; календарные даты не гарантируются"
SE10,Зимняя оттепель,Отдельный погодный эпизод,Предложено для игры,"Темнеющий снег, мокрые колеи, капли с крыши",Вода на утоптанном снегу; последующее обледенение отдельно,Ветви влажные; листва не возвращается,Осторожное движение; уборка у входа,Мокрый снег и капель вместо сухого морозного скрипа,"[""V016""]","Сравнительное производственное состояние, не повторная фотосъемка одного объекта; календарные даты не гарантируются"
