source_id,author,title,publication_year,type,institution,url,doi_or_catalog_id,geography,described_period,access_level,actually_read,checked_on,limitations
S001,Суслова С. В.,Традиционная хозяйственная культура татар в трудах Н. А. Халикова (памяти ученого и коллеги),2021,"Историческая этнология, 6(2), 335–354",Институт истории им. Ш. Марджани АН РТ,https://historicalethnology.org/news/2021-t6-n2-13/,10.22378/he.2021-6-2.335-354,Поволжье и Урал,XIX–XXI вв.; экспедиции 1970-х–2000-х,Релевантные разделы полного текста,"HTML статьи; релевантные разделы PDF и библиография; просмотр изображений на печатных с. 338–339, страницы файла 4–5",2026-09-14,"Архивные дневники, чертежи и коллекция целиком не получены. Известие о цифровке не равно доступу."
S002,Суслова С. В.,Н. И. Воробьев и его роль в формировании академического татароведения в отечественной этнологии,2024,"Историческая этнология, 9(5), 741–758",Институт истории им. Ш. Марджани АН РТ,https://historicalethnology.org/news/2024-t9-n5-4/,10.22378/he.2024-9-5.741-758,Татарстан; Поволжье,"XX в., история исследований",Релевантные разделы полного текста,"HTML, библиография; просмотр печатной с. 745, страница файла 5",2026-09-14,Экспедиционные планы 1946 г. не описывают дома 2015 г.
S003,Уразманова Р. К.; Чешко С. В. (отв. ред.),Татары. Серия «Народы и культуры». Москва: Наука,2001,Коллективная монография,,https://historicalethnology.org/news/2021-t6-n2-13/,,Волго-Уральские татары,Исторический обзор,Библиография другого прочитанного источника,"Сверены сведения по S001: раздел хозяйства с. 162–194, жилища с. 214–249; книга не прочитана",2026-09-14,Не включена копия книги; нельзя цитировать разделы как непосредственно изученные.
S004,Мухаметшин Ю. Г.; Халиков Н. А.,Усадьба тюркских народов: сельское жилище татар Поволжья и Урала (конец XIX – начало XX вв.),2011,"Монография, библиографический ориентир",,https://historicalethnology.org/news/2024-t9-n5-4/,,Поволжье и Урал,Конец XIX – начало XX вв.,Библиография другого прочитанного источника,Упоминания в S001 и S002; титульный лист и полный текст не получены,2026-09-14,Место издания расходится: Петропавловск / Астана. Не разрешено без титульного листа.
S005,Воробьёв Н. И.,Жилища и поселения казанских татар Арского кантона ТАССР,1926,"Вестник научного общества татароведения, №4, 17–35; отдельный оттиск",,https://kitaphane.tatarstan.ru/file/kitaphane/File/Воробьев_жилища.pdf,,Исторический Арский кантон,Начало XX в.,Обнаружено; полный текст недоступен,"Библиография S002; ссылка Национальной библиотеки найдена, PDF не открылся",2026-09-14,Арский кантон не равен современному Арскому району. Размеры улиц из этой работы не извлечены.
S006,Воробьёв Н. И.,Казанские татары: этнографическое исследование материальной культуры дооктябрьского периода. Казань,1953,Монография,,https://historicalethnology.org/news/2024-t9-n5-4/,,Казанские татары,Дореволюционный период,Библиография другого прочитанного источника,Сведения об издании в S002; книга не прочитана,2026-09-14,
S007,Шкляева Л. М.,"История возникновения, семантика и стилевые особенности некоторых устойчивых элементов орнамента домовой резьбы по дереву у татар Среднего Поволжья",2018,"Tatarica, №10, 137–156",,https://kpfu.ru/portal/docs/F_715431455/4_02.pdf,,Среднее Поволжье,Исторический материал,Релевантные разделы полного текста,"Русская часть, с. 148–154; заключение и библиография; просмотр страниц файла 18–20, печатных 154–156",2026-09-14,Отдельное иллюстративное приложение не получено. Гипотезы происхождения орнамента не считать доказанными значениями каждого узора.
S008,Сулейманова Диляра Наилевна,Интерьер жилища волго-уральских татар: развитие и этнокультурная специфика. Автореферат кандидатской диссертации. Чебоксары,2007,"Автореферат, исторические науки, 07.00.07",,https://cheloveknauka.com/interier-zhilischa-volgo-uralskih-tatar-razvitie-i-etnokulturnaya-spetsifika,,Поволжье и Урал; полевые материалы Татарстана и Самарской области,XVIII–XX вв.; отдельные наблюдения начала XXI в.,Автореферат в воспроизведении агрегатора,"Прочитаны введение, структура, положения и заключение воспроизведенного автореферата; не полная диссертация",2026-09-14,Чебоксары подтверждаются библиографией S002; заголовочные метаданные агрегатора не заменяют титульный лист.
S009,Султанова Р. Р.; Шкляева Л. М.,Художественный текстиль в интерьере татарского дома. ИЯЛИ,2022,"Монография, каталожная запись",,https://books.google.com/books?id=r6wB0QEACAAJ,ISBN 9785930914610,Татарский дом,Исторические и современные материалы: содержание не изучено,Каталог,"Сверено название, авторы, год, ISBN; полный текст и приложения не получены",2026-09-14,Каталоги дают 130/132 с.; расхождение пагинации не разрешено. Не источник размеров тканей в этом пакете.
S010,Валеева-Сулейманова Г. Ф.,Ихата. Альметьевская энциклопедия,,Локальная энциклопедическая статья,,https://almet-history.tatneft.ru/istoriya/traditsionnaya-kultura/remesla-i-narodnoe-iskusstvo/d-k/ihata?lang=ru,,Альметьевский регион,Историческое жилище; изменения середины XX в.,Полный текст,Прочитана статья целиком,2026-09-14,Датировку палисадников и местные каменные постройки нельзя переносить на весь Татарстан.
S011,Халиков Н. А.,Жилище народное. Альметьевская энциклопедия,,Локальная энциклопедическая статья,,https://almet-history.tatneft.ru/istoriya/traditsionnaya-kultura/remesla-i-narodnoe-iskusstvo/d-k/zhilishche-narodnoe?lang=ru,,Альметьевский регион,XIX–XX вв.,Полный текст,Прочитана статья целиком,2026-09-14,Типы исторических домов не являются статистикой действующего жилого фонда 2015 г.
S012,,Интерьер. Альметьевская энциклопедия,,Локальная энциклопедическая статья,,https://almet-history.tatneft.ru/istoriya/traditsionnaya-kultura/remesla-i-narodnoe-iskusstvo/d-k/interer?lang=ru,,Альметьевский регион; конкретные локальные примеры,"Исторические интерьеры, изменения до середины XX в.",Полный текст,Прочитана статья целиком,2026-09-14,"Сәке, чаршау, түрләмә и комнатные растения описаны в локальном историческом контексте."
S013,Ханипова И. И.,Визуальные источники о новой советской обрядности в татарской деревне 1970-х годов,2024,"Историческая этнология, 9(2), 184–200",Институт истории им. Ш. Марджани АН РТ,https://historicalethnology.org/news/2024-t9-n2-4/,10.22378/he.2024-9-2.184-200,"Татарская АССР: в частности Сикертан, Каркали; интервью в нескольких районах","События 1960–1970-х; интервью 2020, 2022, 2024",Релевантные разделы полного текста,"HTML; PDF с. 188–196 и описание семейных архивов; непосредственно просмотрена с. 189, страница файла 6",2026-09-14,Свадебные фотографии не являются выборкой будничной одежды. Рассказ об одном доме не статистика достатка.
S014,Сагдиева Эльвина Азадовна,Что удалось сделать в сельском Татарстане за десять лет реализации системы самообложения населения,2024,"Историческая этнология, 9(2), 262–275",Институт истории им. Ш. Марджани АН РТ,https://historicalethnology.org/news/2024-t9-n2-10/,10.22378/he.2024-9-2.262-275,Пять муниципальных образований Татарстана,2013–2023; 16 интервью в 2023 г.,Релевантные разделы полного текста,"HTML; PDF с. 264–269; непосредственно просмотрена с. 268, страница файла 7",2026-09-14,Не устанавливает год ремонта конкретной улицы Кырлая; интервью преимущественно управленцев и активистов.
S015,Институт татарской энциклопедии и регионоведения АН РТ,Новый Кырлай. TATARICA,,Энциклопедия населенных пунктов,,https://tatarica.org/ru/razdely/municipalnye-obrazovaniya/municipalnye-rajony/arskij-rajon/novyj-kyrlaj,,Арский район,История; датированные показатели 2000–2017 и недатированный текущий текст,Полный текст,"Полный текст; разделы хозяйства, инфраструктуры, музеев, населения и подписи фотографий",2026-09-14,"Год доступа 2026 не означает, что все показатели обновлены на 2026 г. Фотографии на странице имеют отдельные даты."
S016,TATARICA,Ия,,Гидрографическая статья,,https://tatarica.org/ru/razdely/priroda/gidrograficheskaya-set/reki/iya,,"Бассейн Ии, Арский район",Недатированное природное описание,Полный текст,"Прочитан текст о бассейне, питании, половодье и лесистости",2026-09-14,Гидрологические показатели бассейна не дают ширину ручья около конкретного двора.
S017,TATARICA,Арский район,,Региональная энциклопедическая статья,,https://tatarica.org/ru/razdely/municipalnye-obrazovaniya/municipalnye-rajony/arskij-rajon/arskij-rajon-1,,Современный Арский район,Природа; историческое административное деление,Релевантные разделы полного текста,"Рельеф, леса, почвы, птицы; сведения об Арском кантоне",2026-09-14,Районная флора и фауна не подтверждают наличие каждого вида в выбранном лесном квартале.
S018,Институт татарской энциклопедии и регионоведения АН РТ,Старый Кырлай. TATARICA,,Энциклопедия населенных пунктов,,https://tatarica.org/ru/razdely/municipalnye-obrazovaniya/municipalnye-rajony/arskij-rajon/staryj-kyrlaj,,Арский район,История; датированные показатели 2000–2017 и недатированный текущий текст,Полный текст,"Полный текст; хозяйство, учреждения, фотоподписи",2026-09-14,"Год доступа 2026 не означает, что все показатели обновлены на 2026 г. Фотографии на странице имеют отдельные даты."
S019,Институт татарской энциклопедии и регионоведения АН РТ,Кошлауч. TATARICA,,Энциклопедия населенных пунктов,,https://tatarica.org/ru/razdely/municipalnye-obrazovaniya/municipalnye-rajony/arskij-rajon/koshlauch,,Арский район,История; датированные показатели 2000–2017 и недатированный текущий текст,Полный текст,"Полный текст; география, музей, хозяйство, фотоподписи",2026-09-14,"Год доступа 2026 не означает, что все показатели обновлены на 2026 г. Фотографии на странице имеют отдельные даты."
S020,Институт татарской энциклопедии и регионоведения АН РТ,Большая Атня. TATARICA,,Энциклопедия населенных пунктов,,https://tatarica.org/ru/razdely/municipalnye-obrazovaniya/municipalnye-rajony/atninskij/bolshaya-atnya,,Атнинский район,История; датированные показатели 2000–2017 и недатированный текущий текст,Релевантные разделы полного текста,Релевантные разделы: положение и история поселения; не все сведения о современных учреждениях,2026-09-14,"Год доступа 2026 не означает, что все показатели обновлены на 2026 г. Фотографии на странице имеют отдельные даты."
S021,Институт татарской энциклопедии и регионоведения АН РТ,Большой Менгер. TATARICA,,Энциклопедия населенных пунктов,,https://tatarica.org/ru/razdely/municipalnye-obrazovaniya/municipalnye-rajony/atninskij/bolshoj-menger,,Атнинский район,История; датированные показатели 2000–2017 и недатированный текущий текст,Полный текст,"Полный текст; река, хозяйство, дом Бакирова",2026-09-14,"Год доступа 2026 не означает, что все показатели обновлены на 2026 г. Фотографии на странице имеют отдельные даты."
S022,Институт татарской энциклопедии и регионоведения АН РТ,Старый Менгер. TATARICA,,Энциклопедия населенных пунктов,,https://tatarica.org/ru/razdely/municipalnye-obrazovaniya/municipalnye-rajony/atninskij/staryj-menger,,Атнинский район,История; датированные показатели 2000–2017 и недатированный текущий текст,Полный текст,"Полный текст; школа, мечеть, население",2026-09-14,"Год доступа 2026 не означает, что все показатели обновлены на 2026 г. Фотографии на странице имеют отдельные даты."
S023,Институт татарской энциклопедии и регионоведения АН РТ,Тюнтер. TATARICA,,Энциклопедия населенных пунктов,,https://tatarica.org/ru/razdely/municipalnye-obrazovaniya/municipalnye-rajony/baltasinskij-rajon/tyunter,,Балтасинский район,История; датированные показатели 2000–2017 и недатированный текущий текст,Релевантные разделы полного текста,"Релевантные разделы: положение, история поселения и медресе",2026-09-14,"Год доступа 2026 не означает, что все показатели обновлены на 2026 г. Фотографии на странице имеют отдельные даты."
S024,Институт татарской энциклопедии и регионоведения АН РТ,Туембаш. TATARICA,,Энциклопедия населенных пунктов,,https://tatarica.org/ru/razdely/municipalnye-obrazovaniya/municipalnye-rajony/kukmorskij-rajon-1/tuembash,,Кукморский район,История; датированные показатели 2000–2017 и недатированный текущий текст,Полный текст,"Полный текст; учреждения, хозяйство, даты новых зданий, население",2026-09-14,"Год доступа 2026 не означает, что все показатели обновлены на 2026 г. Фотографии на странице имеют отдельные даты."
S025,Институт татарской энциклопедии и регионоведения АН РТ,Верхний Кумор. TATARICA,,Энциклопедия населенных пунктов,,https://tatarica.org/ru/razdely/municipalnye-obrazovaniya/municipalnye-rajony/kukmorskij-rajon-1/verhnij-kumor,,Кукморский район,История; датированные показатели 2000–2017 и недатированный текущий текст,Полный текст,Полный текст; положение и прямое указание этнического состава,2026-09-14,"Год доступа 2026 не означает, что все показатели обновлены на 2026 г. Фотографии на странице имеют отдельные даты."
S026,Институт татарской энциклопедии и регионоведения АН РТ,Кичучатово. TATARICA,,Энциклопедия населенных пунктов,,https://tatarica.org/ru/razdely/municipalnye-obrazovaniya/municipalnye-rajony/almetevskij-rajon/kichuchatovo,,Альметьевский район,История; датированные показатели 2000–2017 и недатированный текущий текст,Релевантные разделы полного текста,"Релевантные разделы: география, хозяйство, учреждения",2026-09-14,"Год доступа 2026 не означает, что все показатели обновлены на 2026 г. Фотографии на странице имеют отдельные даты."
S027,TATARICA,Сабинское лесничество,,Региональная природно-хозяйственная статья,,https://tatarica.org/ru/razdely/priroda/poleznye-iskopaemye/sabinskoe-lesnichestvo,,Лесничество на территории восьми районов Татарстана,"История XX–XXI вв.; дендрарий 2002, центр 2011",Полный текст,Прочитана статья целиком,2026-09-14,Площадь управления не равна одному району. Интродуценты дендрария не состав естественного леса.
S028,Администрация Сабинского района,Паспорт поселения: направление Лесхоз,,Муниципальный документ,,https://saby.tatarstan.ru/pasport-poseleniya-458902.htm,,"Сабинский район, Лесхоз",Не установлено,Обнаружено; страница недоступна,Только поисковая карточка; сам паспорт не прочитан,2026-09-14,"Не источник численности, размеров улиц или этнического состава."
S029,TATARICA,Даутова дома,,Статья об архитектуре,,https://tatarica.org/ru/razdely/kultura/iskusstvo/arhitektura/zdaniya-i-sooruzheniya/dautova-doma,,Большая Атня,XIX в.; обмеры 1946; реставрация 2001,Полный текст,"Описание объема, планировки и реставрации",2026-09-14,Дом состоятельного владельца; реставрированный музей. Обмерные чертежи 1946 г. не получены.
S030,Урманчеев Ф. И.,Шурале. TATARICA,,Научная энциклопедическая статья,,https://tatarica.org/ru/razdely/narody/tatary/verovaniya-i-mifologiya/mifologicheskie-personazhi/shurale,,Казанские татары; обобщение вариантов,Исторические записи и научные обобщения,Полный текст,Прочитана статья и библиография,2026-09-14,"Вторичный синтез, не паспорт каждой полевой записи; мотивы нельзя складывать в единую биографию существа."
S031,Тукай Габдулла,Шүрәле,1907,Авторское литературное произведение; современный электронный набор,,https://tugan-tel.tatar/adabiyat/shigriyat/Gabdulla_Tukai/shurale.pdf,,Кырлай как литературный образ,Авторский текст 1907 г.,Полный текст,"Прочитан татарский текст, 5 страниц файла; просмотрена страница файла 3",2026-09-14,Это не критическое издание с текстологическим аппаратом. Не фольклорная полевая запись. Права на перевод отдельно.
S032,Коблов Я. Д.,Мифология казанских татар. Казань: типо-литография Императорского университета. 49 с.,1910,Каталог Президентской библиотеки,,https://www.prlib.ru/item/427512,НЭБ 000199_000009_003768729,Казанские татары,Начало XX в.,Каталог,"Сверены автор, название, выходные сведения, объем; текст книги не прочитан",2026-09-14,Не приписывать книге точные мотивы или цитаты по вторичным пересказам.
S033,Туганайлар; пересказ исследования С. Е. Максимова,Персона ШУРАЛЕ в верованиях кряшен,2013,Региональная публикация с историческими цитатами,,https://tuganaylar.ru/news/etnografichsekaya-mozaika/persona-shurale-v-verovaniyah-kryashen,,Кряшены Казанской губернии; точная локализация первичной записи не проверена,Пересказ материала 1867 г.; публикация 16.01.2013,Релевантные разделы полного текста,Прочитан материал о Максимове и мотивах рассказов,2026-09-14,Оригинал Максимова не изучен. Не независимое подтверждение всех деталей Коблова или Насыри; общая генеалогия заимствований не проверена.
S034,"АН РТ, ИЯЛИ",Сүзлекләрнең электрон фонды,,Электронный фонд словарей,,https://suzlek.antat.ru/,,Татарский язык,"Разные словари, в том числе современные",Главная страница и описание фонда,Проверены существование и состав ресурса; отдельные словарные статьи не выгружены,2026-09-14,"Ни один термин в пакете не помечен как сверенный по этому словарю, если проверялась только главная страница."
S035,Таткультресурсцентр,Сведения об учреждении и реорганизации,,Официальная институциональная страница,,https://tatcultresurs.ru/gbu-tatkultresurscentr,,Республика Татарстан,"2020, история учреждения",Полный текст,Прочитаны сведения о создании 22.07.2020 и реорганизационной связи с прежним центром традиционной культуры,2026-09-14,Звукозаписи учреждения не прослушаны.
S036,АО «Новый Век»,О телеканале ТНВ,,Официальная история вещателя,,https://tnv.ru/about/,,Татарстан; зоны вещания шире республики,2002–2026,Релевантные разделы полного текста,Даты начала каналов и характер программ; не архив конкретных эфиров,2026-09-14,Доступность канала конкретному дому в 2015 г. и способ приема не установлены.
S037,,"Шурале, чтение на татарском, часть 1",,Видеокандидат,,https://www.youtube.com/watch?v=jgc8aln7CI8,,Не установлено,Не установлено,Поисковая карточка,Не воспроизведено и не прослушано,2026-09-14,"Не подтверждает произношение, тембр, монтаж или пригодность записи."
S038,,Татар халык иҗаты: риваятьләр һәм легендалар. Казан,1987,"Фольклорный сборник, библиографический ориентир",,https://tatarica.org/ru/razdely/narody/tatary/verovaniya-i-mifologiya/mifologicheskie-personazhi/shurale,,Татарский фольклор,Исторические записи: паспорта не изучены,Библиография другого прочитанного источника,Название и год по S030; тексты и паспорта сборника не прочитаны,2026-09-14,Не источник установленных здесь мест и дат полевых записей.
S039,Creative Commons,Attribution-ShareAlike 4.0 International: deed,,Официальное описание лицензии,,https://creativecommons.org/licenses/by-sa/4.0/,,Международная лицензия,Текущая версия лицензии 4.0,Релевантные разделы полного текста,"Условия атрибуции, обозначения изменений и ShareAlike",2026-09-14,Не заменяет проверку прав на каждый объект; права третьих лиц могут сохраняться.
S040,NOAA Global Monitoring Laboratory,Solar Calculation Details,,Официальное описание солнечных расчетов,,https://gml.noaa.gov/grad/solcalc/calcdetails.html,,Географически общий метод,Астрономическая модель,Релевантные разделы полного текста,Сведения об алгоритмах и ограничениях расчета восхода/заката,2026-09-14,"В пакете применяется отдельно описанная упрощенная геометрическая формула, а не результаты калькулятора NOAA."
S101,Engelberthumperdink,Улица: смешанные ограждения и весенняя обочина,,Карточка фотографии,,https://commons.wikimedia.org/wiki/File:New_Kyrlai_(2021-04-26)_01.jpg,,"Новый Кырлай, Арский район",2021-04-26,Изображение и карточка,Просмотрено изображение; метаданные использованы только в заполненных полях,2026-09-14,"Нет масштаба, возраста ремонта, вида кустарника, данных о дворе за ограждением"
S102,TimoteoCirkla,Летний водоем и древесный берег,,Карточка фотографии,,https://commons.wikimedia.org/wiki/File:2014-07-15_14-02-02_Тукай-Кырлай.jpg,,"Новый Кырлай, Арский район",2014-07-15,Изображение и карточка,Просмотрено изображение; метаданные использованы только в заполненных полях,2026-09-14,"Точное название водоема, глубина, ширина и качество воды не установлены"
S103,Engelberthumperdink,Постельный текстиль в музейном интерьере,,Карточка фотографии,,https://commons.wikimedia.org/wiki/File:Sagdi-aby_house_interior_(2021-04-26)_05.jpg,,"Новый Кырлай, Арский район",2021-04-26,Изображение и карточка,Просмотрено изображение; метаданные использованы только в заполненных полях,2026-09-14,"Не современный жилой дом; волокно ткани, набивка, точные размеры и повседневная частота такой укладки не установлены"
S104,Engelberthumperdink,"Музейная комната: печь, стол и занавеси",,Карточка фотографии,,https://commons.wikimedia.org/wiki/File:Sagdi-aby_house_interior_(2021-04-26)_21.jpg,,"Новый Кырлай, Арский район",2021-04-26,Изображение и карточка,Просмотрено изображение; метаданные использованы только в заполненных полях,2026-09-14,"Не действующий интерьер 2015 г.; нельзя восстановить полный план, инженерные коммуникации или типичность вещей"
S105,Engelberthumperdink,Фасад музейного дома Сагди-абыя,,Карточка фотографии,,https://commons.wikimedia.org/wiki/File:Sagdi-aby_house_(2021-04-26)_04.jpg,,"Новый Кырлай, Арский район",2021-04-26,Изображение и карточка,Просмотрено изображение; метаданные использованы только в заполненных полях,2026-09-14,"Назначение трубы и размеры без обмера не установлены; восстановленный музей, не неремонтированный исторический дом"
S106,Engelberthumperdink,Печь: объем и поверхности,,Карточка фотографии,,https://commons.wikimedia.org/wiki/File:Sagdi-aby_house_interior_(2021-04-26)_07.jpg,,"Новый Кырлай, Арский район",2021-04-26,Изображение и карточка,Просмотрено изображение; метаданные использованы только в заполненных полях,2026-09-14,"Нет разреза дымохода, данных о работоспособности или размеров"
S107,Engelberthumperdink,Подвесная колыбель и текстиль,,Карточка фотографии,,https://commons.wikimedia.org/wiki/File:Sagdi-aby_house_interior_(2021-04-26)_10.jpg,,"Новый Кырлай, Арский район",2021-04-26,Изображение и карточка,Просмотрено изображение; метаданные использованы только в заполненных полях,2026-09-14,Не доказательство применения колыбели в местной семье XXI в.
S108,Engelberthumperdink,Припечный металлический инвентарь,,Карточка фотографии,,https://commons.wikimedia.org/wiki/File:Sagdi-aby_house_interior_(2021-04-26)_15.jpg,,"Новый Кырлай, Арский район",2021-04-26,Изображение и карточка,Просмотрено изображение; метаданные использованы только в заполненных полях,2026-09-14,Назначение каждого предмета требует инвентарной карточки
S109,Engelberthumperdink,Горшки у печи,,Карточка фотографии,,https://commons.wikimedia.org/wiki/File:Sagdi-aby_house_interior_(2021-04-26)_16.jpg,,"Новый Кырлай, Арский район",2021-04-26,Изображение и карточка,Просмотрено изображение; метаданные использованы только в заполненных полях,2026-09-14,"Техника изготовления, датировка и использование в обычном доме не установлены"
S110,Engelberthumperdink,Стол и утварь у печи,,Карточка фотографии,,https://commons.wikimedia.org/wiki/File:Sagdi-aby_house_interior_(2021-04-26)_18.jpg,,"Новый Кырлай, Арский район",2021-04-26,Изображение и карточка,Просмотрено изображение; метаданные использованы только в заполненных полях,2026-09-14,Материал сплава и бытовая схема использования не установлены
S111,Engelberthumperdink,Музейный набор деревянной и металлической утвари,,Карточка фотографии,,https://commons.wikimedia.org/wiki/File:Sagdi-aby_house_interior_(2021-04-26)_11.jpg,,"Новый Кырлай, Арский район",2021-04-26,Изображение и карточка,Просмотрено изображение; метаданные использованы только в заполненных полях,2026-09-14,"Это экспозиционная подборка, а не расположение работающей кухни"
S112,Engelberthumperdink,Низкое дворовое сооружение,,Карточка фотографии,,https://commons.wikimedia.org/wiki/File:Sagdi-aby_house_(2021-04-26)_20.jpg,,"Новый Кырлай, Арский район",2021-04-26,Изображение и карточка,Просмотрено изображение; метаданные использованы только в заполненных полях,2026-09-14,Функция предположительно погребная; без музейного паспорта не установлена
S113,Engelberthumperdink,Музейный двор и фон современной застройки,,Карточка фотографии,,https://commons.wikimedia.org/wiki/File:Sagdi-aby_house_(2021-04-26)_25.jpg,,"Новый Кырлай, Арский район",2021-04-26,Изображение и карточка,Просмотрено изображение; метаданные использованы только в заполненных полях,2026-09-14,Соседние частные дворы почти не видны; не переносить солому в обычный дом 2015 г.
S114,Engelberthumperdink,Дверь и соломенная музейная кровля,,Карточка фотографии,,https://commons.wikimedia.org/wiki/File:Sagdi-aby_house_(2021-04-26)_30.jpg,,"Новый Кырлай, Арский район",2021-04-26,Изображение и карточка,Просмотрено изображение; метаданные использованы только в заполненных полях,2026-09-14,Возраст и историческая точность реконструкции отдельно не установлены
S115,Арсений Павлов,Осенняя аллея и здание музея,,Карточка фотографии,,https://commons.wikimedia.org/wiki/File:Мемориальный_музей_Габдуллы_Тукая.jpg,,"Новый Кырлай, Арский район",2016-10-08,Изображение и карточка,Просмотрено изображение; метаданные использованы только в заполненных полях,2026-09-14,Парковая посадка не представляет естественный лес; дата съемки не дата постройки
S116,Engelberthumperdink,Снеготаяние у музея,,Карточка фотографии,,"https://commons.wikimedia.org/wiki/File:Gabdulla_Tukay_Museum,_New_Kyrlai_(2024-03-28)_01.jpg",,"Новый Кырлай, Арский район",2024-03-28,Изображение и карточка,Просмотрено изображение; метаданные использованы только в заполненных полях,2026-09-14,Мощеная музейная площадь не аналог грунтового двора; это не повторный ракурс летнего водоема
S117,Авторы и архивы указаны в подписях исходной статьи,Исторические фотографии экспедиции: с. 338–339 S001,,Иллюстрация в научной публикации,,https://historicalethnology.org/wp-content/uploads/2021/12/Суслова.pdf#page=4,,См. паспорт,,Изображение и карточка,Просмотрено изображение; метаданные использованы только в заполненных полях,2026-09-14,Снимки относятся к разным регионам и десятилетиям; не референс современного двора Кырлая
S118,По подписи в статье; отдельно не установлено,Историческая экспедиционная иллюстрация: с. 745 S002,,Иллюстрация в научной публикации,,https://historicalethnology.org/wp-content/uploads/2024/10/ИЭ_5_2024_741-758.pdf#page=5,,См. паспорт,1946 (описываемая экспедиция),Изображение и карточка,Просмотрено изображение; метаданные использованы только в заполненных полях,2026-09-14,Не обмер современного объекта; индивидуальные архивные права не проверены
