village_id,name,district,period,source_ids,role,available_material,limits,source_urls
L01,Новый Кырлай,Арский,2005–2026 как предмет; конкретные даты материалов указаны отдельно,"[""S015""]",Основная локальная модель,"Энциклопедия; датированные фото 2014, 2016, 2021, 2024; музей",Фото сильно смещены к музею; современный жилой интерьер не обследован,https://tatarica.org/ru/razdely/municipalnye-obrazovaniya/municipalnye-rajony/arskij-rajon/novyj-kyrlaj
L02,Старый Кырлай,Арский,2005–2026 как предмет; конкретные даты материалов указаны отдельно,"[""S018""]",Совместимый прототип в том же водосборе,Энциклопедия; подписи фото 2016,Нет фактического обмера улиц,https://tatarica.org/ru/razdely/municipalnye-obrazovaniya/municipalnye-rajony/arskij-rajon/staryj-kyrlaj
L03,Кошлауч,Арский,2005–2026 как предмет; конкретные даты материалов указаны отдельно,"[""S019""]",Контраст меньшего масштаба и музейной реконструкции,"Энциклопедия, изображения учреждений 2016",Другой водоток; музейный дом не современное жилье,https://tatarica.org/ru/razdely/municipalnye-obrazovaniya/municipalnye-rajony/arskij-rajon/koshlauch
L04,Большая Атня,Атнинский,2005–2026 как предмет; конкретные даты материалов указаны отдельно,"[""S020"", ""S029""]",Альтернативное направление; крупный центр,Энциклопедия; архитектурная статья о домах Даутова,Районный центр и богатый особняк не рядовой деревенский тип,"https://tatarica.org/ru/razdely/municipalnye-obrazovaniya/municipalnye-rajony/atninskij/bolshaya-atnya
https://tatarica.org/ru/razdely/kultura/iskusstvo/arhitektura/zdaniya-i-sooruzheniya/dautova-doma"
L05,Большой Менгер,Атнинский,2005–2026 как предмет; конкретные даты материалов указаны отдельно,"[""S021""]",Историческая архитектура и локальный контраст,Статья о поселении и доме Бакирова,Особняк 1838 г. не статистически типичный дом,https://tatarica.org/ru/razdely/municipalnye-obrazovaniya/municipalnye-rajony/atninskij/bolshoj-menger
L06,Старый Менгер,Атнинский,2005–2026 как предмет; конкретные даты материалов указаны отдельно,"[""S022""]",Проверка масштаба общественных функций,Датированные события школы и мечети,Нет полноценного визуального обследования,https://tatarica.org/ru/razdely/municipalnye-obrazovaniya/municipalnye-rajony/atninskij/staryj-menger
L07,Тюнтер,Балтасинский,2005–2026 как предмет; конкретные даты материалов указаны отдельно,"[""S023""]",Альтернатива с историей образования,Энциклопедический текст,Современные интерьеры и профиль улицы не получены,https://tatarica.org/ru/razdely/municipalnye-obrazovaniya/municipalnye-rajony/baltasinskij-rajon/tyunter
L08,Лесхоз,Сабинский,2005–2026 как предмет; конкретные даты материалов указаны отдельно,"[""S027"", ""S028""]",Лесохозяйственная альтернатива,Прочитана статья о лесничестве; паспорт поселения недоступен,Состав населения и жилая застройка не подтверждены,"https://tatarica.org/ru/razdely/priroda/poleznye-iskopaemye/sabinskoe-lesnichestvo
https://saby.tatarstan.ru/pasport-poseleniya-458902.htm"
L09,Туембаш,Кукморский,2005–2026 как предмет; конкретные даты материалов указаны отдельно,"[""S024""]",Ремесленно-хозяйственный контраст и точечные даты,"Энциклопедия: валяльное производство, новые учреждения",Не смешивать с музейной архитектурой Кырлая,https://tatarica.org/ru/razdely/municipalnye-obrazovaniya/municipalnye-rajony/kukmorskij-rajon-1/tuembash
L10,Верхний Кумор,Кукморский,2005–2026 как предмет; конкретные даты материалов указаны отдельно,"[""S025""]",Этнокультурный контроль: удмуртское село,Прямое указание состава населения,Не используется как татарский прототип,https://tatarica.org/ru/razdely/municipalnye-obrazovaniya/municipalnye-rajony/kukmorskij-rajon-1/verhnij-kumor
L11,Кичучатово,Альметьевский,2005–2026 как предмет; конкретные даты материалов указаны отдельно,"[""S026"", ""S010"", ""S012""]",Контраст юго-востока Татарстана,Энциклопедии поселения и регионального жилища,"Локальную планировку, камень и текстиль не переносить автоматически","https://tatarica.org/ru/razdely/municipalnye-obrazovaniya/municipalnye-rajony/almetevskij-rajon/kichuchatovo
https://almet-history.tatneft.ru/istoriya/traditsionnaya-kultura/remesla-i-narodnoe-iskusstvo/d-k/ihata?lang=ru
https://almet-history.tatneft.ru/istoriya/traditsionnaya-kultura/remesla-i-narodnoe-iskusstvo/d-k/interer?lang=ru"
