visual_id,title,object,place,localization_precision,shooting_date,date_basis,publication_date,author,organization,source_page,direct_file_url,thumbnail_url,classification,observed_features,cannot_establish,claim_ids,source_ids,rights,local_path,access,local_file_origin,changes,original_file_access,source_urls
V001,Улица: смешанные ограждения и весенняя обочина,Улица: смешанные ограждения и весенняя обочина,"Новый Кырлай, Арский район",Объект/поселение; координаты частного владения не приводятся,2021-04-26,Метаданные и описание автора; часы камеры независимо не проверены,2021-04-27,Engelberthumperdink,Wikimedia Commons,https://commons.wikimedia.org/wiki/File:New_Kyrlai_(2021-04-26)_01.jpg,https://upload.wikimedia.org/wikipedia/commons/1/12/New_Kyrlai_(2021-04-26)_01.jpg,https://thumb.wikimedia.org/wikipedia/commons/thumb/1/12/New_Kyrlai_(2021-04-26)_01.jpg/960px-New_Kyrlai_(2021-04-26)_01.jpg,Документальное,Рельефные секции зеленовато-белого ограждения; металлическая калитка; кирпичная стойка; столб; влажная полоса у улицы; голые ветви; голубовато-зеленая кровля,"Нет масштаба, возраста ремонта, вида кустарника, данных о дворе за ограждением","[""C015"", ""C016""]","[""S101""]",CC BY-SA 4.0,visual_references/photographs/V001_reference_preview.png,Изображение непосредственно просмотрено,Кадрирование малой копии из переданного в разговоре монтажного листа; оригинал заново не скачан,"Кадрирование, ранее уменьшенная версия; аннотации на отдельном листе",Оригинал высокого разрешения не скачан; работоспособность прямого URL независимо не подтверждена,https://commons.wikimedia.org/wiki/File:New_Kyrlai_(2021-04-26)_01.jpg
V002,Летний водоем и древесный берег,Летний водоем и древесный берег,"Новый Кырлай, Арский район",Объект/поселение; координаты частного владения не приводятся,2014-07-15,Метаданные и описание автора; часы камеры независимо не проверены,2021-06-02,TimoteoCirkla,Wikimedia Commons,https://commons.wikimedia.org/wiki/File:2014-07-15_14-02-02_Тукай-Кырлай.jpg,https://upload.wikimedia.org/wikipedia/commons/5/5a/2014-07-15_14-02-02_Тукай-Кырлай.jpg,https://thumb.wikimedia.org/wikipedia/commons/thumb/5/5a/2014-07-15_14-02-02_Тукай-Кырлай.jpg/960px-2014-07-15_14-02-02_Тукай-Кырлай.jpg,Документальное,"Белоствольные деревья, определимые до рода береза; сомкнутая летняя листва у берега; спокойная поверхность воды","Точное название водоема, глубина, ширина и качество воды не установлены","[""C017""]","[""S102""]",CC BY-SA 4.0,visual_references/photographs/V002_reference_preview.png,Изображение непосредственно просмотрено,Кадрирование малой копии из переданного в разговоре монтажного листа; оригинал заново не скачан,"Кадрирование, ранее уменьшенная версия; аннотации на отдельном листе",Оригинал высокого разрешения не скачан; работоспособность прямого URL независимо не подтверждена,https://commons.wikimedia.org/wiki/File:2014-07-15_14-02-02_Тукай-Кырлай.jpg
V003,Постельный текстиль в музейном интерьере,Постельный текстиль в музейном интерьере,"Новый Кырлай, Арский район",Объект/поселение; координаты частного владения не приводятся,2021-04-26,Метаданные и описание автора; часы камеры независимо не проверены,2021-04-27,Engelberthumperdink,Wikimedia Commons,https://commons.wikimedia.org/wiki/File:Sagdi-aby_house_interior_(2021-04-26)_05.jpg,https://upload.wikimedia.org/wikipedia/commons/4/41/Sagdi-aby_house_interior_(2021-04-26)_05.jpg,https://thumb.wikimedia.org/wikipedia/commons/thumb/4/41/Sagdi-aby_house_interior_(2021-04-26)_05.jpg/960px-Sagdi-aby_house_interior_(2021-04-26)_05.jpg,Музейное,"Три подушки, уложенные вертикальной стопкой; различные ткани; покрытая тканью опора; бревенчатая стена; текстиль рядом с окном","Не современный жилой дом; волокно ткани, набивка, точные размеры и повседневная частота такой укладки не установлены","[""C018""]","[""S103""]",CC BY-SA 4.0,visual_references/interiors/V003_reference_preview.png,Изображение непосредственно просмотрено,Кадрирование малой копии из переданного в разговоре монтажного листа; оригинал заново не скачан,"Кадрирование, ранее уменьшенная версия; аннотации на отдельном листе",Оригинал высокого разрешения не скачан; работоспособность прямого URL независимо не подтверждена,https://commons.wikimedia.org/wiki/File:Sagdi-aby_house_interior_(2021-04-26)_05.jpg
V004,"Музейная комната: печь, стол и занавеси","Музейная комната: печь, стол и занавеси","Новый Кырлай, Арский район",Объект/поселение; координаты частного владения не приводятся,2021-04-26,Метаданные и описание автора; часы камеры независимо не проверены,2021-04-27,Engelberthumperdink,Wikimedia Commons,https://commons.wikimedia.org/wiki/File:Sagdi-aby_house_interior_(2021-04-26)_21.jpg,https://upload.wikimedia.org/wikipedia/commons/7/7b/Sagdi-aby_house_interior_(2021-04-26)_21.jpg,https://thumb.wikimedia.org/wikipedia/commons/thumb/7/7b/Sagdi-aby_house_interior_(2021-04-26)_21.jpg/960px-Sagdi-aby_house_interior_(2021-04-26)_21.jpg,Музейное,"Белая печь справа, стол слева, текстильная перегородка, приподнятая часть, подвесная колыбель; экспозиционный манекен и современное музейное освещение","Не действующий интерьер 2015 г.; нельзя восстановить полный план, инженерные коммуникации или типичность вещей","[""C019""]","[""S104""]",CC BY-SA 4.0,visual_references/interiors/V004_reference_preview.png,Изображение непосредственно просмотрено,Кадрирование малой копии из переданного в разговоре монтажного листа; оригинал заново не скачан,"Кадрирование, ранее уменьшенная версия; аннотации на отдельном листе",Оригинал высокого разрешения не скачан; работоспособность прямого URL независимо не подтверждена,https://commons.wikimedia.org/wiki/File:Sagdi-aby_house_interior_(2021-04-26)_21.jpg
V005,Фасад музейного дома Сагди-абыя,Фасад музейного дома Сагди-абыя,"Новый Кырлай, Арский район",Объект/поселение; координаты частного владения не приводятся,2021-04-26,Метаданные и описание автора; часы камеры независимо не проверены,,Engelberthumperdink,Wikimedia Commons,https://commons.wikimedia.org/wiki/File:Sagdi-aby_house_(2021-04-26)_04.jpg,https://upload.wikimedia.org/wikipedia/commons/0/06/Sagdi-aby_house_(2021-04-26)_04.jpg,https://thumb.wikimedia.org/wikipedia/commons/thumb/0/06/Sagdi-aby_house_(2021-04-26)_04.jpg/960px-Sagdi-aby_house_(2021-04-26)_04.jpg,Музейное,Три окна в срубном фасаде; фронтон с дощатой зашивкой; декоративные завершения окон; наружная желтая труба,"Назначение трубы и размеры без обмера не установлены; восстановленный музей, не неремонтированный исторический дом",[],"[""S105""]",CC BY-SA 4.0,,Изображение непосредственно просмотрено,Только внешний референс; локальной копии нет,,Оригинал высокого разрешения не скачан; работоспособность прямого URL независимо не подтверждена,https://commons.wikimedia.org/wiki/File:Sagdi-aby_house_(2021-04-26)_04.jpg
V006,Печь: объем и поверхности,Печь: объем и поверхности,"Новый Кырлай, Арский район",Объект/поселение; координаты частного владения не приводятся,2021-04-26,Метаданные и описание автора; часы камеры независимо не проверены,,Engelberthumperdink,Wikimedia Commons,https://commons.wikimedia.org/wiki/File:Sagdi-aby_house_interior_(2021-04-26)_07.jpg,https://upload.wikimedia.org/wikipedia/commons/9/9d/Sagdi-aby_house_interior_(2021-04-26)_07.jpg,https://thumb.wikimedia.org/wikipedia/commons/thumb/9/9d/Sagdi-aby_house_interior_(2021-04-26)_07.jpg/960px-Sagdi-aby_house_interior_(2021-04-26)_07.jpg,Музейное,"Белая массивная печь, отверстия и примыкание к стене","Нет разреза дымохода, данных о работоспособности или размеров",[],"[""S106""]",CC BY-SA 4.0,,Изображение непосредственно просмотрено,Только внешний референс; локальной копии нет,,Оригинал высокого разрешения не скачан; работоспособность прямого URL независимо не подтверждена,https://commons.wikimedia.org/wiki/File:Sagdi-aby_house_interior_(2021-04-26)_07.jpg
V007,Подвесная колыбель и текстиль,Подвесная колыбель и текстиль,"Новый Кырлай, Арский район",Объект/поселение; координаты частного владения не приводятся,2021-04-26,Метаданные и описание автора; часы камеры независимо не проверены,,Engelberthumperdink,Wikimedia Commons,https://commons.wikimedia.org/wiki/File:Sagdi-aby_house_interior_(2021-04-26)_10.jpg,https://upload.wikimedia.org/wikipedia/commons/e/ed/Sagdi-aby_house_interior_(2021-04-26)_10.jpg,https://thumb.wikimedia.org/wikipedia/commons/thumb/e/ed/Sagdi-aby_house_interior_(2021-04-26)_10.jpg/960px-Sagdi-aby_house_interior_(2021-04-26)_10.jpg,Музейное,Подвесной предмет и полосатый текстиль в музейном устройстве,Не доказательство применения колыбели в местной семье XXI в.,[],"[""S107""]",CC BY-SA 4.0,,Изображение непосредственно просмотрено,Только внешний референс; локальной копии нет,,Оригинал высокого разрешения не скачан; работоспособность прямого URL независимо не подтверждена,https://commons.wikimedia.org/wiki/File:Sagdi-aby_house_interior_(2021-04-26)_10.jpg
V008,Припечный металлический инвентарь,Припечный металлический инвентарь,"Новый Кырлай, Арский район",Объект/поселение; координаты частного владения не приводятся,2021-04-26,Метаданные и описание автора; часы камеры независимо не проверены,,Engelberthumperdink,Wikimedia Commons,https://commons.wikimedia.org/wiki/File:Sagdi-aby_house_interior_(2021-04-26)_15.jpg,https://upload.wikimedia.org/wikipedia/commons/7/7c/Sagdi-aby_house_interior_(2021-04-26)_15.jpg,https://thumb.wikimedia.org/wikipedia/commons/thumb/7/7c/Sagdi-aby_house_interior_(2021-04-26)_15.jpg/960px-Sagdi-aby_house_interior_(2021-04-26)_15.jpg,Музейное,"Металлические инструменты, сосуды и опоры около печи",Назначение каждого предмета требует инвентарной карточки,[],"[""S108""]",CC BY-SA 4.0,,Изображение непосредственно просмотрено,Только внешний референс; локальной копии нет,,Оригинал высокого разрешения не скачан; работоспособность прямого URL независимо не подтверждена,https://commons.wikimedia.org/wiki/File:Sagdi-aby_house_interior_(2021-04-26)_15.jpg
V009,Горшки у печи,Горшки у печи,"Новый Кырлай, Арский район",Объект/поселение; координаты частного владения не приводятся,2021-04-26,Метаданные и описание автора; часы камеры независимо не проверены,,Engelberthumperdink,Wikimedia Commons,https://commons.wikimedia.org/wiki/File:Sagdi-aby_house_interior_(2021-04-26)_16.jpg,https://upload.wikimedia.org/wikipedia/commons/0/0b/Sagdi-aby_house_interior_(2021-04-26)_16.jpg,https://thumb.wikimedia.org/wikipedia/commons/thumb/0/0b/Sagdi-aby_house_interior_(2021-04-26)_16.jpg/960px-Sagdi-aby_house_interior_(2021-04-26)_16.jpg,Музейное,Разные по форме сосуды; локальные темные следы на поверхностях,"Техника изготовления, датировка и использование в обычном доме не установлены",[],"[""S109""]",CC BY-SA 4.0,,Изображение непосредственно просмотрено,Только внешний референс; локальной копии нет,,Оригинал высокого разрешения не скачан; работоспособность прямого URL независимо не подтверждена,https://commons.wikimedia.org/wiki/File:Sagdi-aby_house_interior_(2021-04-26)_16.jpg
V010,Стол и утварь у печи,Стол и утварь у печи,"Новый Кырлай, Арский район",Объект/поселение; координаты частного владения не приводятся,2021-04-26,Метаданные и описание автора; часы камеры независимо не проверены,,Engelberthumperdink,Wikimedia Commons,https://commons.wikimedia.org/wiki/File:Sagdi-aby_house_interior_(2021-04-26)_18.jpg,https://upload.wikimedia.org/wikipedia/commons/9/9f/Sagdi-aby_house_interior_(2021-04-26)_18.jpg,https://thumb.wikimedia.org/wikipedia/commons/thumb/9/9f/Sagdi-aby_house_interior_(2021-04-26)_18.jpg/960px-Sagdi-aby_house_interior_(2021-04-26)_18.jpg,Музейное,"Круглый металлический предмет у белой поверхности, стол, сосуды и ткань",Материал сплава и бытовая схема использования не установлены,[],"[""S110""]",CC BY-SA 4.0,,Изображение непосредственно просмотрено,Только внешний референс; локальной копии нет,,Оригинал высокого разрешения не скачан; работоспособность прямого URL независимо не подтверждена,https://commons.wikimedia.org/wiki/File:Sagdi-aby_house_interior_(2021-04-26)_18.jpg
V011,Музейный набор деревянной и металлической утвари,Музейный набор деревянной и металлической утвари,"Новый Кырлай, Арский район",Объект/поселение; координаты частного владения не приводятся,2021-04-26,Метаданные и описание автора; часы камеры независимо не проверены,,Engelberthumperdink,Wikimedia Commons,https://commons.wikimedia.org/wiki/File:Sagdi-aby_house_interior_(2021-04-26)_11.jpg,https://upload.wikimedia.org/wikipedia/commons/1/1b/Sagdi-aby_house_interior_(2021-04-26)_11.jpg,https://thumb.wikimedia.org/wikipedia/commons/thumb/1/1b/Sagdi-aby_house_interior_(2021-04-26)_11.jpg/960px-Sagdi-aby_house_interior_(2021-04-26)_11.jpg,Музейное,"Клепаные сосуды, корзина, металлические предметы, ткань; музейная инвентарная маркировка","Это экспозиционная подборка, а не расположение работающей кухни",[],"[""S111""]",CC BY-SA 4.0,,Изображение непосредственно просмотрено,Только внешний референс; локальной копии нет,,Оригинал высокого разрешения не скачан; работоспособность прямого URL независимо не подтверждена,https://commons.wikimedia.org/wiki/File:Sagdi-aby_house_interior_(2021-04-26)_11.jpg
V012,Низкое дворовое сооружение,Низкое дворовое сооружение,"Новый Кырлай, Арский район",Объект/поселение; координаты частного владения не приводятся,2021-04-26,Метаданные и описание автора; часы камеры независимо не проверены,,Engelberthumperdink,Wikimedia Commons,https://commons.wikimedia.org/wiki/File:Sagdi-aby_house_(2021-04-26)_20.jpg,https://upload.wikimedia.org/wikipedia/commons/2/2d/Sagdi-aby_house_(2021-04-26)_20.jpg,https://thumb.wikimedia.org/wikipedia/commons/thumb/2/2d/Sagdi-aby_house_(2021-04-26)_20.jpg/960px-Sagdi-aby_house_(2021-04-26)_20.jpg,Музейное,"Низкая двускатная кровля, дощатая дверь, земля вокруг",Функция предположительно погребная; без музейного паспорта не установлена,[],"[""S112""]",CC BY-SA 4.0,,Изображение непосредственно просмотрено,Только внешний референс; локальной копии нет,,Оригинал высокого разрешения не скачан; работоспособность прямого URL независимо не подтверждена,https://commons.wikimedia.org/wiki/File:Sagdi-aby_house_(2021-04-26)_20.jpg
V013,Музейный двор и фон современной застройки,Музейный двор и фон современной застройки,"Новый Кырлай, Арский район",Объект/поселение; координаты частного владения не приводятся,2021-04-26,Метаданные и описание автора; часы камеры независимо не проверены,,Engelberthumperdink,Wikimedia Commons,https://commons.wikimedia.org/wiki/File:Sagdi-aby_house_(2021-04-26)_25.jpg,https://upload.wikimedia.org/wikipedia/commons/e/e7/Sagdi-aby_house_(2021-04-26)_25.jpg,https://thumb.wikimedia.org/wikipedia/commons/thumb/e/e7/Sagdi-aby_house_(2021-04-26)_25.jpg/960px-Sagdi-aby_house_(2021-04-26)_25.jpg,Музейное,Экспонаты сельхозинвентаря; соломенная музейная кровля; современные кровли на дальнем плане,Соседние частные дворы почти не видны; не переносить солому в обычный дом 2015 г.,[],"[""S113""]",CC BY-SA 4.0,,Изображение непосредственно просмотрено,Только внешний референс; локальной копии нет,,Оригинал высокого разрешения не скачан; работоспособность прямого URL независимо не подтверждена,https://commons.wikimedia.org/wiki/File:Sagdi-aby_house_(2021-04-26)_25.jpg
V014,Дверь и соломенная музейная кровля,Дверь и соломенная музейная кровля,"Новый Кырлай, Арский район",Объект/поселение; координаты частного владения не приводятся,2021-04-26,Метаданные и описание автора; часы камеры независимо не проверены,,Engelberthumperdink,Wikimedia Commons,https://commons.wikimedia.org/wiki/File:Sagdi-aby_house_(2021-04-26)_30.jpg,https://upload.wikimedia.org/wikipedia/commons/0/02/Sagdi-aby_house_(2021-04-26)_30.jpg,https://thumb.wikimedia.org/wikipedia/commons/thumb/0/02/Sagdi-aby_house_(2021-04-26)_30.jpg/960px-Sagdi-aby_house_(2021-04-26)_30.jpg,Музейное,Прижимные элементы по скату; дощатая дверь и диагональная связь,Возраст и историческая точность реконструкции отдельно не установлены,[],"[""S114""]",CC BY-SA 4.0,,Изображение непосредственно просмотрено,Только внешний референс; локальной копии нет,,Оригинал высокого разрешения не скачан; работоспособность прямого URL независимо не подтверждена,https://commons.wikimedia.org/wiki/File:Sagdi-aby_house_(2021-04-26)_30.jpg
V015,Осенняя аллея и здание музея,Осенняя аллея и здание музея,"Новый Кырлай, Арский район",Объект/поселение; координаты частного владения не приводятся,2016-10-08,Метаданные и описание автора; часы камеры независимо не проверены,2017-05-30,Арсений Павлов,Wikimedia Commons,https://commons.wikimedia.org/wiki/File:Мемориальный_музей_Габдуллы_Тукая.jpg,https://upload.wikimedia.org/wikipedia/commons/9/91/Мемориальный_музей_Габдуллы_Тукая.jpg,https://thumb.wikimedia.org/wikipedia/commons/thumb/9/91/Мемориальный_музей_Габдуллы_Тукая.jpg/960px-Мемориальный_музей_Габдуллы_Тукая.jpg,Документальное,Опавшая листва на дорожке; хвойные деревья; музейное здание в конце аллеи,Парковая посадка не представляет естественный лес; дата съемки не дата постройки,[],"[""S115""]",CC BY-SA 4.0,,Изображение непосредственно просмотрено,Только внешний референс; локальной копии нет,,Оригинал высокого разрешения не скачан; работоспособность прямого URL независимо не подтверждена,https://commons.wikimedia.org/wiki/File:Мемориальный_музей_Габдуллы_Тукая.jpg
V016,Снеготаяние у музея,Снеготаяние у музея,"Новый Кырлай, Арский район",Объект/поселение; координаты частного владения не приводятся,2024-03-28,Метаданные и описание автора; часы камеры независимо не проверены,,Engelberthumperdink,Wikimedia Commons,"https://commons.wikimedia.org/wiki/File:Gabdulla_Tukay_Museum,_New_Kyrlai_(2024-03-28)_01.jpg","https://upload.wikimedia.org/wikipedia/commons/e/e6/Gabdulla_Tukay_Museum,_New_Kyrlai_(2024-03-28)_01.jpg","https://thumb.wikimedia.org/wikipedia/commons/thumb/e/e6/Gabdulla_Tukay_Museum,_New_Kyrlai_(2024-03-28)_01.jpg/960px-Gabdulla_Tukay_Museum,_New_Kyrlai_(2024-03-28)_01.jpg",Документальное,"Пятна снега, мокрое мощение, открытые ступени, длинные тени",Мощеная музейная площадь не аналог грунтового двора; это не повторный ракурс летнего водоема,[],"[""S116""]",CC BY-SA 4.0,,Изображение непосредственно просмотрено,Только внешний референс; локальной копии нет,,Оригинал высокого разрешения не скачан; работоспособность прямого URL независимо не подтверждена,"https://commons.wikimedia.org/wiki/File:Gabdulla_Tukay_Museum,_New_Kyrlai_(2024-03-28)_01.jpg"
V017,Исторические фотографии экспедиций: с. 343 S001,Исторические фотографии экспедиций: с. 343 S001,Большие Кайбицы и касимовский материал: разные регионы; см. подписи S001,Объект/поселение; координаты частного владения не приводятся,1975; 1985,Даты указаны в подписях фотографий исходной статьи,,Авторы и архивы указаны в подписях исходной статьи,,https://historicalethnology.org/wp-content/uploads/2021/12/Суслова.pdf#page=9,,,Научная публикация,"Историческая полевая фиксация разных мест, в том числе Большие Кайбицы (1975) и касимовский материал (1985)",Снимки относятся к разным регионам и десятилетиям; не референс современного двора Кырлая,[],"[""S117""]",Статья размещена с CC BY 4.0; права на включенные архивные снимки отдельно не установлены,,Изображение непосредственно просмотрено,Внешний референс; PDF получен для просмотра 16.09.2026; в пакет ассетов не включен,Уточнение 16.09.2026: непосредственно просмотрены PDF 4–5 и 7–10 (печатные с. 338–339 и 341–344); экспедиционные фото находятся на с. 343 (PDF 9). Прежние с. 338–339 и #page=4 сохранены здесь как ошибочные указатели; на этих страницах фотографий нет.,PDF источника получен 16.09.2026; печатная с. 343 соответствует странице файла 9,https://historicalethnology.org/wp-content/uploads/2021/12/Суслова.pdf#page=9
V018,Групповые фотографии этнографов: с. 746 и 751 S002,Групповые фотографии этнографов: с. 746 и 751 S002,История татарской этнографии S002; не современный Кырлай,Объект/поселение; координаты частного владения не приводятся,1964; 2002; 2003,Даты указаны в подписях фотографий исходной статьи,,По подписи в статье; отдельно не установлено,,https://historicalethnology.org/wp-content/uploads/2024/10/ИЭ_5_2024_741-758.pdf#page=6,,,Научная публикация,Юбилейный вечер Н. И. Воробьева (1964); группа казанских этнографов (2002); лауреаты Государственной премии Республики Татарстан (2003),Не обмер современного объекта; индивидуальные архивные права не проверены,[],"[""S118""]",Статья CC BY 4.0; права на архивную иллюстрацию отдельно не установлены,,Изображение непосредственно просмотрено,Внешний референс; PDF получен для просмотра 16.09.2026; в пакет ассетов не включен,Уточнение 16.09.2026: непосредственно просмотрены PDF 5–6 и 11 (печатные с. 745–746 и 751); групповые фото находятся на с. 746 и 751. Прежние с. 745 и #page=5 сохранены здесь как ошибочные указатели; фотографий на с. 745 нет. Прежняя дата 1946 относилась к описываемой экспедиции и не датировала эти фотографии.,PDF источника получен 16.09.2026; печатные с. 746 и 751 соответствуют страницам файла 6 и 11,https://historicalethnology.org/wp-content/uploads/2024/10/ИЭ_5_2024_741-758.pdf#page=6;https://historicalethnology.org/wp-content/uploads/2024/10/ИЭ_5_2024_741-758.pdf#page=11
