asset_id,name_ru,name_tt,category,function,region,time_period,household_context,shape_and_proportions,dimensions,materials,surface_and_color,construction_details,placement,neighboring_objects,wear_and_repair,seasonal_variants,sound,evidence_status,claim_ids,source_ids,visual_reference_ids,production_priority,common_mistakes,source_urls
A001,Асфальтовая полоса,,Улица,Связь центра и въезда,"Вымышленная деревня верховьев Ии, Арская модель","2015 ±1, производственный ориентир",Все,"ST01: полоса 4,5 м, края не обязаны быть параллельными",См. dimensions.csv; иначе конкретный размер не установлен и назначается проектом,Асфальт; щебеночные заделки,Тон назначать под освещение; не извлекать точный RGB из референса,"ST01: полоса 4,5 м, края не обязаны быть параллельными",Между обочинами,"Канава, въезды",Пятна ремонта привязаны к провалам/пересечениям; без равномерных трещин,См. сезонный атлас и паспорт сцены,"Шины, шаги, вода",Предложено для игры,"[""C038""]","[""S014"", ""S101""]","[""V001""]",P0,Не выдавать предложенную комбинацию и размеры за обследованный типичный объект,"https://historicalethnology.org/news/2024-t9-n2-10/
https://commons.wikimedia.org/wiki/File:New_Kyrlai_(2021-04-26)_01.jpg"
A002,Обочина,,Улица,"Сход с дороги, край водоотведения","Вымышленная деревня верховьев Ии, Арская модель","2015 ±1, производственный ориентир",Все,"0,75 м в ST01; местное расширение у ворот",См. dimensions.csv; иначе конкретный размер не установлен и назначается проектом,"Щебень, уплотненный грунт, редкая трава",Тон назначать под освещение; не извлекать точный RGB из референса,"0,75 м в ST01; местное расширение у ворот",Снаружи проезжей части,"Канава, столб",Колеи при съезде; влажность ниже дорожного полотна,См. сезонный атлас и паспорт сцены,Хруст/мокрый шаг,Предложено для игры,"[""C038""]","[""S101""]","[""V001""]",P0,Не выдавать предложенную комбинацию и размеры за обследованный типичный объект,https://commons.wikimedia.org/wiki/File:New_Kyrlai_(2021-04-26)_01.jpg
A003,Водоотводная канава,,Улица,"Принимает сток, не декоративный ров","Вымышленная деревня верховьев Ии, Арская модель","2015 ±1, производственный ориентир",Все,"1 м в плане; глубина 0,35 м — проект",См. dimensions.csv; иначе конкретный размер не установлен и назначается проектом,"Грунт, травяной покров, локальные укрепления",Тон назначать под освещение; не извлекать точный RGB из референса,"1 м в плане; глубина 0,35 м — проект","Вдоль улицы, под проездом закрытый переход","Обочина, труба въезда",Ил в низких точках; осевшая трава по потоку; мусор не равномерно,См. сезонный атлас и паспорт сцены,Вода только при наличии расхода,Предложено для игры,"[""C038""]","[""S014"", ""S101""]","[""V001""]",P0,Не выдавать предложенную комбинацию и размеры за обследованный типичный объект,"https://historicalethnology.org/news/2024-t9-n2-10/
https://commons.wikimedia.org/wiki/File:New_Kyrlai_(2021-04-26)_01.jpg"
A004,Переезд через канаву,,Улица,Доступ машины во двор,"Вымышленная деревня верховьев Ии, Арская модель","2015 ±1, производственный ориентир",H02,Полоса совпадает с воротами; проезд не обрывает канаву,См. dimensions.csv; иначе конкретный размер не установлен и назначается проектом,Уплотненная засыпка; труба как проект,Тон назначать под освещение; не извлекать точный RGB из референса,Полоса совпадает с воротами; проезд не обрывает канаву,Перед воротами H02,"Канава, стойки ворот","Просадка на стыке с дорогой, свежая подсыпка",См. сезонный атлас и паспорт сцены,Шины меняют покрытие,Предложено для игры,"[""C038""]","[""S101""]","[""V001""]",P0,Не выдавать предложенную комбинацию и размеры за обследованный типичный объект,https://commons.wikimedia.org/wiki/File:New_Kyrlai_(2021-04-26)_01.jpg
A005,Опора и воздушная линия,,Инфраструктура,Электроснабжение и выбранный светильник,"Вымышленная деревня верховьев Ии, Арская модель","2015 ±1, производственный ориентир",Все,"Одна согласованная линия, ввод к фасаду",См. dimensions.csv; иначе конкретный размер не установлен и назначается проектом,"Бетонная опора, металл, изоляционные элементы",Тон назначать под освещение; не извлекать точный RGB из референса,"Одна согласованная линия, ввод к фасаду","В зеленой полосе, не в створе ворот","Дорога, ввод дома",Потек под креплением; не случайные оборванные провода,См. сезонный атлас и паспорт сцены,В штатном фоне почти не акцентируется,Предложено для игры,"[""C038""]","[""S101"", ""S014""]","[""V001""]",P0,Не выдавать предложенную комбинацию и размеры за обследованный типичный объект,"https://commons.wikimedia.org/wiki/File:New_Kyrlai_(2021-04-26)_01.jpg
https://historicalethnology.org/news/2024-t9-n2-10/"
A006,Уличный светильник,,Инфраструктура,Освещение конкретного участка,"Вымышленная деревня верховьев Ии, Арская модель","2015 ±1, производственный ориентир",Все,Тип и дата замены отдельно проверяются,См. dimensions.csv; иначе конкретный размер не установлен и назначается проектом,"Металл, стекло/полимер",Тон назначать под освещение; не извлекать точный RGB из референса,Тип и дата замены отдельно проверяются,На части опор; не светит одинаково через все заборы,"Опора, крона",Загрязнение оболочки; отказ только как отдельное событие,См. сезонный атлас и паспорт сцены,Не назначать постоянный электрический треск,Предложено для игры,"[""C038""]","[""S014""]",[],P1,Не выдавать предложенную комбинацию и размеры за обследованный типичный объект,https://historicalethnology.org/news/2024-t9-n2-10/
A007,Штакетный палисадный забор,,Двор,"Отделяет посадки, оставляет просвет","Вымышленная деревня верховьев Ии, Арская модель","2015 ±1, производственный ориентир",H01,"Ритм стоек, горизонтальные связи, верх досок согласованы",См. dimensions.csv; иначе конкретный размер не установлен и назначается проектом,Окрашенное дерево,Тон назначать под освещение; не извлекать точный RGB из референса,"Ритм стоек, горизонтальные связи, верх досок согласованы",Перед садом H01; не единственный тип на улице,"Калитка, цветник",Нижние торцы темнее из-за влаги; верх быстрее выгорает,См. сезонный атлас и паспорт сцены,Легкие удары досок при сильном ветре,Предложено для игры,"[""C038""]","[""S011"", ""S105""]","[""V005""]",P1,Не выдавать предложенную комбинацию и размеры за обследованный типичный объект,"https://almet-history.tatneft.ru/istoriya/traditsionnaya-kultura/remesla-i-narodnoe-iskusstvo/d-k/zhilishche-narodnoe?lang=ru
https://commons.wikimedia.org/wiki/File:Sagdi-aby_house_(2021-04-26)_04.jpg"
A008,Секционное ограждение,,Двор,Разделение улицы и частного двора,"Вымышленная деревня верховьев Ии, Арская модель","2015 ±1, производственный ориентир",H02/сосед,"Рельефные секции, как наблюдаемый класс V001",См. dimensions.csv; иначе конкретный размер не установлен и назначается проектом,Предположительно формованный минеральный материал; точный состав не установлен,Тон назначать под освещение; не извлекать точный RGB из референса,"Рельефные секции, как наблюдаемый класс V001",На одном из модернизированных фронтов,"Металлическая калитка, кирпичная стойка",Разная свежесть окраски панелей и швов,См. сезонный атлас и паспорт сцены,"Отражает звук иначе, чем открытый штакетник",Предложено для игры,"[""C038""]","[""S101""]","[""V001""]",P0,Не выдавать предложенную комбинацию и размеры за обследованный типичный объект,https://commons.wikimedia.org/wiki/File:New_Kyrlai_(2021-04-26)_01.jpg
A009,Двустворчатые ворота,,Двор,Въезд машины и подвоз материалов,"Вымышленная деревня верховьев Ии, Арская модель","2015 ±1, производственный ориентир",H02,"Проект 3,5 м в свету; засов, петли, ограничитель",См. dimensions.csv; иначе конкретный размер не установлен и назначается проектом,Металлический каркас с дощатым либо листовым заполнением,Тон назначать под освещение; не извлекать точный RGB из референса,"Проект 3,5 м в свету; засов, петли, ограничитель",Совпадают с переездом и свободным проездом,"Калитка, въезд","Лоск на засове; ржавчина у поврежденной краски, не вся плоскость",См. сезонный атлас и паспорт сцены,"Петли, резонанс полотна, удар ограничителя",Предложено для игры,"[""C038""]","[""S010"", ""S101""]","[""V001""]",P0,Не выдавать предложенную комбинацию и размеры за обследованный типичный объект,"https://almet-history.tatneft.ru/istoriya/traditsionnaya-kultura/remesla-i-narodnoe-iskusstvo/d-k/ihata?lang=ru
https://commons.wikimedia.org/wiki/File:New_Kyrlai_(2021-04-26)_01.jpg"
A010,Калитка,,Двор,Пешеходный вход,"Вымышленная деревня верховьев Ии, Арская модель","2015 ±1, производственный ориентир",H02,Проект 1 м в свету; реальная траектория открывания,См. dimensions.csv; иначе конкретный размер не установлен и назначается проектом,Металл/дерево по выбранному забору,Тон назначать под освещение; не извлекать точный RGB из референса,Проект 1 м в свету; реальная траектория открывания,Слева от автомобильного створа H02,Дорожка к сеням,"Протертая ручка, земля у порога",См. сезонный атлас и паспорт сцены,"Защелка + легкий резонанс, не звук гигантских ворот",Предложено для игры,"[""C038""]","[""S101""]","[""V001""]",P0,Не выдавать предложенную комбинацию и размеры за обследованный типичный объект,https://commons.wikimedia.org/wiki/File:New_Kyrlai_(2021-04-26)_01.jpg
A011,Адресная табличка,,Надписи,Помогает найти дом,"Вымышленная деревня верховьев Ии, Арская модель","2015 ±1, производственный ориентир",Все,Небольшая плоскость с читаемой кириллицей; точный макет проверить,См. dimensions.csv; иначе конкретный размер не установлен и назначается проектом,"Окрашенный металл/пластик, проект",Тон назначать под освещение; не извлекать точный RGB из референса,Небольшая плоскость с читаемой кириллицей; точный макет проверить,У пешеходного входа,"Стойка, фонарь",Выгорание и крепежные следы,См. сезонный атлас и паспорт сцены,Нет отдельного обязательного звука,Предложено для игры,"[""C038""]","[""S101""]","[""V001""]",P1,Не выдавать предложенную комбинацию и размеры за обследованный типичный объект,https://commons.wikimedia.org/wiki/File:New_Kyrlai_(2021-04-26)_01.jpg
A012,Сруб с частичной обшивкой,өй,Дом,Основной теплый объем,"Вымышленная деревня верховьев Ии, Арская модель","2015 ±1, производственный ориентир",H01/H02,H01/H02; стыки обшивки объясняются ремонтом,См. dimensions.csv; иначе конкретный размер не установлен и назначается проектом,"Дерево, доска; выбранная система цоколя",Тон назначать под освещение; не извлекать точный RGB из референса,H01/H02; стыки обшивки объясняются ремонтом,Отступ от линии ограждения согласно плану,"Сени, окна, водосток","Нижние венцы и торцы уязвимы иначе, чем защищенная плоскость",См. сезонный атлас и паспорт сцены,"Небольшие отдельные скрипы, не постоянное стенание",Предложено для игры,"[""C038""]","[""S011"", ""S105""]","[""V005""]",P0,Не выдавать предложенную комбинацию и размеры за обследованный типичный объект,"https://almet-history.tatneft.ru/istoriya/traditsionnaya-kultura/remesla-i-narodnoe-iskusstvo/d-k/zhilishche-narodnoe?lang=ru
https://commons.wikimedia.org/wiki/File:Sagdi-aby_house_(2021-04-26)_04.jpg"
A013,Окно и обрамление,,Дом,Свет и проветривание соответствующей комнаты,"Вымышленная деревня верховьев Ии, Арская модель","2015 ±1, производственный ориентир",H02,Три фронтальных окна H02; размер не измерен по фото,См. dimensions.csv; иначе конкретный размер не установлен и назначается проектом,Деревянный наличник; отдельно выбранная рама,Тон назначать под освещение; не извлекать точный RGB из референса,Три фронтальных окна H02; размер не измерен по фото,"Два окна жилой комнаты, одно кухни","Тюль, отлив, наружная посадка","Потеки под отливом, локальная перекраска стыка",См. сезонный атлас и паспорт сцены,"Открывание, уличный фон через щель",Предложено для игры,"[""C038""]","[""S007"", ""S105""]","[""V005""]",P0,Не выдавать предложенную комбинацию и размеры за обследованный типичный объект,"https://kpfu.ru/portal/docs/F_715431455/4_02.pdf
https://commons.wikimedia.org/wiki/File:Sagdi-aby_house_(2021-04-26)_04.jpg"
A014,Карниз и фронтон,,Дом,Защищает стену; завершает объем,"Вымышленная деревня верховьев Ии, Арская модель","2015 ±1, производственный ориентир",H01/H02,"Отдельно скат, свес, лобовая и декоративная доски",См. dimensions.csv; иначе конкретный размер не установлен и назначается проектом,Дерево; крепеж,Тон назначать под освещение; не извлекать точный RGB из референса,"Отдельно скат, свес, лобовая и декоративная доски","Выше окон, не случайный орнамент на стене","Кровля, водосток",Защищенная под свесом часть менее выгоревшая,См. сезонный атлас и паспорт сцены,Дождь на капельнике,Предложено для игры,"[""C038""]","[""S007"", ""S105""]","[""V005""]",P1,Не выдавать предложенную комбинацию и размеры за обследованный типичный объект,"https://kpfu.ru/portal/docs/F_715431455/4_02.pdf
https://commons.wikimedia.org/wiki/File:Sagdi-aby_house_(2021-04-26)_04.jpg"
A015,Листовая кровля,,Дом,Защита дома от осадков,"Вымышленная деревня верховьев Ии, Арская модель","2015 ±1, производственный ориентир",H02,Два основных ската; примыкания сеней решены отдельно,См. dimensions.csv; иначе конкретный размер не установлен и назначается проектом,"Металлический лист, тип профиля как проект",Тон назначать под освещение; не извлекать точный RGB из референса,Два основных ската; примыкания сеней решены отдельно,На доме H02,"Карниз, дымоход выбранного отопления",Выцветание различается на скатах; грязь около ендовы/примыкания,См. сезонный атлас и паспорт сцены,Дождь зависит от подкровельного слоя,Предложено для игры,"[""C038""]","[""S101"", ""S113""]","[""V001"", ""V013""]",P0,Не выдавать предложенную комбинацию и размеры за обследованный типичный объект,"https://commons.wikimedia.org/wiki/File:New_Kyrlai_(2021-04-26)_01.jpg
https://commons.wikimedia.org/wiki/File:Sagdi-aby_house_(2021-04-26)_25.jpg"
A016,Сени,өйалды,Дом,"Переход улица/теплая часть, снятие обуви","Вымышленная деревня верховьев Ии, Арская модель","2015 ±1, производственный ориентир",H01/H02,H02: 3×4 м; вход с восточной стороны к связующей зоне,См. dimensions.csv; иначе конкретный размер не установлен и назначается проектом,"Доска, выбранное остекление и настил",Тон назначать под освещение; не извлекать точный RGB из референса,H02: 3×4 м; вход с восточной стороны к связующей зоне,"Справа от основного корпуса, не перед кухонным окном","Крючки, обувь, коврик","Следы мокрой обуви у наружной двери, не у дальней стены",См. сезонный атлас и паспорт сцены,Две разные двери разделяют акустику,Предложено для игры,"[""C038""]","[""S011"", ""S010""]",[],P0,Не выдавать предложенную комбинацию и размеры за обследованный типичный объект,"https://almet-history.tatneft.ru/istoriya/traditsionnaya-kultura/remesla-i-narodnoe-iskusstvo/d-k/zhilishche-narodnoe?lang=ru
https://almet-history.tatneft.ru/istoriya/traditsionnaya-kultura/remesla-i-narodnoe-iskusstvo/d-k/ihata?lang=ru"
A017,Водосток и выпуск,,Инфраструктура,Отводит воду от входа,"Вымышленная деревня верховьев Ии, Арская модель","2015 ±1, производственный ориентир",H02,"Выпуск направлен к понижению, не на порог",См. dimensions.csv; иначе конкретный размер не установлен и назначается проектом,Металл/полимер по ремонту,Тон назначать под освещение; не извлекать точный RGB из референса,"Выпуск направлен к понижению, не на порог",На краю кровли,"Канава, отмостка",Полоса воды и локальный размыв строго ниже выпуска,См. сезонный атлас и паспорт сцены,Капли после дождя/таяния,Предложено для игры,"[""C038""]","[""S101"", ""S116""]","[""V001"", ""V016""]",P0,Не выдавать предложенную комбинацию и размеры за обследованный типичный объект,"https://commons.wikimedia.org/wiki/File:New_Kyrlai_(2021-04-26)_01.jpg
https://commons.wikimedia.org/wiki/File:Gabdulla_Tukay_Museum,_New_Kyrlai_(2024-03-28)_01.jpg"
A018,Лавка для смены обуви,,Интерьер,"Сесть, поставить сумку","Вымышленная деревня верховьев Ии, Арская модель","2015 ±1, производственный ориентир",H01/H02,"Небольшая свободная поверхность, не витрина",См. dimensions.csv; иначе конкретный размер не установлен и назначается проектом,Дерево/серийная мебель,Тон назначать под освещение; не извлекать точный RGB из референса,"Небольшая свободная поверхность, не витрина","Сени у внутренней двери, не в ее дуге","Коврик, обувь, верхняя одежда",Лоск на сиденье; влажные следы снизу,См. сезонный атлас и паспорт сцены,Скрип при посадке,Предложено для игры,"[""C038"", ""C032""]","[""S008""]",[],P1,Не выдавать предложенную комбинацию и размеры за обследованный типичный объект,https://cheloveknauka.com/interier-zhilischa-volgo-uralskih-tatar-razvitie-i-etnokulturnaya-spetsifika
A019,Обувь и уличная одежда,,Интерьер,Отделяет грязную и чистую зоны,"Вымышленная деревня верховьев Ии, Арская модель","2015 ±1, производственный ориентир",Все,Количество соответствует жильцам и гостям,См. dimensions.csv; иначе конкретный размер не установлен и назначается проектом,"Резина, ткань, кожа/заменители как проект",Тон назначать под освещение; не извлекать точный RGB из референса,Количество соответствует жильцам и гостям,У входа; сухое хранение выше пола,"Лавка, коврик",Пыль летом; грязь/вода в переходный сезон,См. сезонный атлас и паспорт сцены,"Шорох ткани, удар подошвы",Предложено для игры,"[""C038"", ""C032""]","[""S014""]",[],P0,Не выдавать предложенную комбинацию и размеры за обследованный типичный объект,https://historicalethnology.org/news/2024-t9-n2-10/
A020,Кухонная мойка,,Интерьер,Мытье посуды и продуктов,"Вымышленная деревня верховьев Ии, Арская модель","2015 ±1, производственный ориентир",H02,Рядом с рабочей поверхностью; подвод/слив заданы,См. dimensions.csv; иначе конкретный размер не установлен и назначается проектом,Металл; выбранная столешница,Тон назначать под освещение; не извлекать точный RGB из референса,Рядом с рабочей поверхностью; подвод/слив заданы,Кухня H02 у внешней стены,"Сушка, полотенце, мусорная емкость","Капли и налет около смесителя, не одинаково на всех стенах",См. сезонный атлас и паспорт сцены,"Струя, посуда, слив только с рабочей водой",Предложено для игры,"[""C038"", ""C032""]",[],[],P0,Не выдавать предложенную комбинацию и размеры за обследованный типичный объект,
A021,Плита,,Интерьер,Приготовление еды,"Вымышленная деревня верховьев Ии, Арская модель","2015 ±1, производственный ориентир",H02,С рабочим подходом; энергоснабжение выбрано явно,См. dimensions.csv; иначе конкретный размер не установлен и назначается проектом,"Эмаль, металл",Тон назначать под освещение; не извлекать точный RGB из референса,С рабочим подходом; энергоснабжение выбрано явно,"Кухня H02, не вплотную к занавеси","Кастрюля, прихватка, рабочая поверхность",Следы нагрева и капли вокруг используемой конфорки,См. сезонный атлас и паспорт сцены,Готовка и посуда; тип горелки требует выбора,Предложено для игры,"[""C038"", ""C032""]",[],[],P0,Не выдавать предложенную комбинацию и размеры за обследованный типичный объект,
A022,Холодильник,,Интерьер,Повседневное хранение продуктов,"Вымышленная деревня верховьев Ии, Арская модель","2015 ±1, производственный ориентир",H02,Дверь открывается без конфликта с входом,См. dimensions.csv; иначе конкретный размер не установлен и назначается проектом,Металл/пластик; конкретную модель датировать отдельно,Тон назначать под освещение; не извлекать точный RGB из референса,Дверь открывается без конфликта с входом,Кухня H02 вне горячего узла,"Столешница, розетка","След от ручки; немного магнитов, не обязательная витрина",См. сезонный атлас и паспорт сцены,Редкий цикл компрессора; не постоянный громкий гул,Предложено для игры,"[""C038"", ""C032""]","[""S013""]",[],P0,Не выдавать предложенную комбинацию и размеры за обследованный типичный объект,https://historicalethnology.org/news/2024-t9-n2-4/
A023,Чайная группа,,Интерьер,Повседневное чаепитие,"Вымышленная деревня верховьев Ии, Арская модель","2015 ±1, производственный ориентир",H02,Чашки/пиалы по числу людей; электрический чайник в H02,См. dimensions.csv; иначе конкретный размер не установлен и назначается проектом,"Керамика, стекло, металл, пластик",Тон назначать под освещение; не извлекать точный RGB из референса,Чашки/пиалы по числу людей; электрический чайник в H02,"Рабочая поверхность и стол, не ровный музейный ряд","Сахарница, чай, ложки, полотенце","Кольца от чашек, обычная сушка; не вся посуда треснута",См. сезонный атлас и паспорт сцены,"Чашка о блюдце, ложка, налив",Предложено для игры,"[""C038"", ""C032""]","[""S012"", ""S104""]","[""V004""]",P0,Не выдавать предложенную комбинацию и размеры за обследованный типичный объект,"https://almet-history.tatneft.ru/istoriya/traditsionnaya-kultura/remesla-i-narodnoe-iskusstvo/d-k/interer?lang=ru
https://commons.wikimedia.org/wiki/File:Sagdi-aby_house_interior_(2021-04-26)_21.jpg"
A024,Скатерть и клеенка,,Интерьер,Защита стола; разный режим будни/гости,"Вымышленная деревня верховьев Ии, Арская модель","2015 ±1, производственный ориентир",H01/H02,Размер назначается по конкретному столу и свесу,См. dimensions.csv; иначе конкретный размер не установлен и назначается проектом,"Ткань либо полимерное покрытие, не один материал",Тон назначать под освещение; не извлекать точный RGB из референса,Размер назначается по конкретному столу и свесу,"На столе, не на плите","Чашки, стулья",Замятость у сидящих; новая гостевая скатерть может быть чистой,См. сезонный атлас и паспорт сцены,Трение ткани/клеенки различается,Предложено для игры,"[""C038"", ""C032""]","[""S012"", ""S104""]","[""V004""]",P1,Не выдавать предложенную комбинацию и размеры за обследованный типичный объект,"https://almet-history.tatneft.ru/istoriya/traditsionnaya-kultura/remesla-i-narodnoe-iskusstvo/d-k/interer?lang=ru
https://commons.wikimedia.org/wiki/File:Sagdi-aby_house_interior_(2021-04-26)_21.jpg"
A025,Тюль и плотная занавеска,,Интерьер,"Свет, приватность, изменение силуэта окна","Вымышленная деревня верховьев Ии, Арская модель","2015 ±1, производственный ориентир",H02,Два разных слоя по выбранному окну; окно открывается,См. dimensions.csv; иначе конкретный размер не установлен и назначается проектом,Волокно в референсе не установлено; игровая ткань назначается,Тон назначать под освещение; не извлекать точный RGB из референса,Два разных слоя по выбранному окну; окно открывается,"У окна, не перед дверью","Карниз, подоконник, радиатор",Пылевой след по низу; выгорание на освещенной стороне,См. сезонный атлас и паспорт сцены,Легкий шорох только при движении воздуха,Предложено для игры,"[""C038"", ""C032""]","[""S012"", ""S103"", ""S104""]","[""V003"", ""V004""]",P0,Не выдавать предложенную комбинацию и размеры за обследованный типичный объект,"https://almet-history.tatneft.ru/istoriya/traditsionnaya-kultura/remesla-i-narodnoe-iskusstvo/d-k/interer?lang=ru
https://commons.wikimedia.org/wiki/File:Sagdi-aby_house_interior_(2021-04-26)_05.jpg
https://commons.wikimedia.org/wiki/File:Sagdi-aby_house_interior_(2021-04-26)_21.jpg"
A026,Ковер и напольная дорожка,,Интерьер,"Тепло/комфорт, наследованное убранство","Вымышленная деревня верховьев Ии, Арская модель","2015 ±1, производственный ориентир",H01/H02,Ковер не обязан занимать все стены; дорожка оставляет проход,См. dimensions.csv; иначе конкретный размер не установлен и назначается проектом,Фабричный ворс/тканая дорожка — два отдельных объекта,Тон назначать под освещение; не извлекать точный RGB из референса,Ковер не обязан занимать все стены; дорожка оставляет проход,В жилой комнате и сухом проходе,"Диван, шкаф","Износ по пути, вмятины под ножками; не одинаковый износ ковра на стене",См. сезонный атлас и паспорт сцены,Приглушает шаги как производственная настройка,Предложено для игры,"[""C038"", ""C032""]","[""S008"", ""S013""]",[],P1,Не выдавать предложенную комбинацию и размеры за обследованный типичный объект,"https://cheloveknauka.com/interier-zhilischa-volgo-uralskih-tatar-razvitie-i-etnokulturnaya-spetsifika
https://historicalethnology.org/news/2024-t9-n2-4/"
A027,Подушки и сложенное белье,,Интерьер,Хранение спального текстиля,"Вымышленная деревня верховьев Ии, Арская модель","2015 ±1, производственный ориентир",H01,"Компактная стопка; музейное V003 как один принцип, не полный образец",См. dimensions.csv; иначе конкретный размер не установлен и назначается проектом,Волокна не установлены; игровая ткань задана отдельно,Тон назначать под освещение; не извлекать точный RGB из референса,"Компактная стопка; музейное V003 как один принцип, не полный образец","В шкафу/на отведенной поверхности, не на кухонной плите","Покрывало, сундук только при выбранной биографии","Свежий сгиб и заломы, не обязательная ветхость",См. сезонный атлас и паспорт сцены,Ткань при перекладывании,Предложено для игры,"[""C038"", ""C032""]","[""S012"", ""S103""]","[""V003""]",P1,Не выдавать предложенную комбинацию и размеры за обследованный типичный объект,"https://almet-history.tatneft.ru/istoriya/traditsionnaya-kultura/remesla-i-narodnoe-iskusstvo/d-k/interer?lang=ru
https://commons.wikimedia.org/wiki/File:Sagdi-aby_house_interior_(2021-04-26)_05.jpg"
A028,Сервант и семейная посуда,,Интерьер,"Хранение, семейная память","Вымышленная деревня верховьев Ии, Арская модель","2015 ±1, производственный ориентир",H01/H02,Серийная мебель позднего XX в.; часть полок бытовая,См. dimensions.csv; иначе конкретный размер не установлен и назначается проектом,"Дерево/шпон/плита, стекло",Тон назначать под освещение; не извлекать точный RGB из референса,Серийная мебель позднего XX в.; часть полок бытовая,Жилая комната вдоль глухой стены,"Посуда, фотографии, документы в закрытой секции","Лоск ручки, неравномерное выгорание фасада",См. сезонный атлас и паспорт сцены,Стеклянная дверца и посуда,Предложено для игры,"[""C038"", ""C032""]","[""S008"", ""S013""]",[],P1,Не выдавать предложенную комбинацию и размеры за обследованный типичный объект,"https://cheloveknauka.com/interier-zhilischa-volgo-uralskih-tatar-razvitie-i-etnokulturnaya-spetsifika
https://historicalethnology.org/news/2024-t9-n2-4/"
A029,Диван и дополнительное спальное место,,Интерьер,Сидение; ночевка гостя,"Вымышленная деревня верховьев Ии, Арская модель","2015 ±1, производственный ориентир",H02,Разложенное положение проверяется по свободной площади,См. dimensions.csv; иначе конкретный размер не установлен и назначается проектом,"Ткань, каркас",Тон назначать под освещение; не извлекать точный RGB из референса,Разложенное положение проверяется по свободной площади,"Жилая комната, не перед обязательным проходом","Стол, телевизор","Проседание на любимом месте, ткань у подлокотника",См. сезонный атлас и паспорт сцены,"Скрип при нагрузке, движение ткани",Предложено для игры,"[""C038"", ""C032""]","[""S008""]",[],P0,Не выдавать предложенную комбинацию и размеры за обследованный типичный объект,https://cheloveknauka.com/interier-zhilischa-volgo-uralskih-tatar-razvitie-i-etnokulturnaya-spetsifika
A030,Телевизор с выбранным приемом,,Интерьер,"Вечерние новости, программы, фильмы","Вымышленная деревня верховьев Ии, Арская модель","2015 ±1, производственный ориентир",H02,Экран и приемник одной эпохи; не интерфейс 2026 в 2015,См. dimensions.csv; иначе конкретный размер не установлен и назначается проектом,"Пластик, стекло",Тон назначать под освещение; не извлекать точный RGB из референса,Экран и приемник одной эпохи; не интерфейс 2026 в 2015,"Жилая комната: виден с дивана, не заслоняет дверь","Пульт, розетка, провод приема","Следы рук на пульте, пыль сверху",См. сезонный атлас и паспорт сцены,Оригинальный лицензированный/созданный эфир; не постоянная народная песня,Предложено для игры,"[""C038"", ""C032""]","[""S036""]",[],P0,Не выдавать предложенную комбинацию и размеры за обследованный типичный объект,https://tnv.ru/about/
A031,Кнопочный телефон / смартфон,,Интерьер,Связь; выбор поколения устройства,"Вымышленная деревня верховьев Ии, Арская модель","2015 ±1, производственный ориентир",Все,Конкретная модель не установлена; проверка года обязательна,См. dimensions.csv; иначе конкретный размер не установлен и назначается проектом,Пластик/стекло,Тон назначать под освещение; не извлекать точный RGB из референса,Конкретная модель не установлена; проверка года обязательна,"Полка/стол у зарядки, не на каждом свободном месте","Зарядное устройство, записная книжка",Затертые кнопки либо экран; по пользованию хозяина,См. сезонный атлас и паспорт сцены,Звонок/вибрация только оригинальные или разрешенные,Предложено для игры,"[""C038"", ""C032""]",[],[],P1,Не выдавать предложенную комбинацию и размеры за обследованный типичный объект,
A032,Семейные фотографии и альбом,,Интерьер,"Память, гости, разговор","Вымышленная деревня верховьев Ии, Арская модель","2015 ±1, производственный ориентир",H01/H02,Разные форматы старых и новых фото; лица вымышленные,См. dimensions.csv; иначе конкретный размер не установлен и назначается проектом,"Фотобумага, рамка, альбом",Тон назначать под освещение; не извлекать точный RGB из референса,Разные форматы старых и новых фото; лица вымышленные,Полка/стена вне зоны брызг,"Сервант, книги",Выгоревшее фото у света; альбом сохраннее внутри,См. сезонный атлас и паспорт сцены,Листы и обложка,Предложено для игры,"[""C038"", ""C032""]","[""S013""]",[],P1,Не выдавать предложенную комбинацию и размеры за обследованный типичный объект,https://historicalethnology.org/news/2024-t9-n2-4/
A033,Шамаиль — условный объект до экспертизы,шамаиль,Интерьер,Религиозно-культурное убранство конкретной семьи,"Вымышленная деревня верховьев Ии, Арская модель","2015 ±1, производственный ориентир",H01/отдельная семья,Текст и композиция не выбраны; не заполнять псевдоарабикой,См. dimensions.csv; иначе конкретный размер не установлен и назначается проектом,"По выбранному музейному паспорту, пока не установлено",Тон назначать под освещение; не извлекать точный RGB из референса,Текст и композиция не выбраны; не заполнять псевдоарабикой,Уважительное место конкретной семьи; не переносить красный угол автоматически,Другие предметы по биографии семьи,Не делать мистических кровавых надписей частью обычного быта,См. сезонный атлас и паспорт сцены,Не источник постоянного звука,Предложено для игры,"[""C038"", ""C032""]","[""S008"", ""S012""]",[],P2,Не выдавать предложенную комбинацию и размеры за обследованный типичный объект,"https://cheloveknauka.com/interier-zhilischa-volgo-uralskih-tatar-razvitie-i-etnokulturnaya-spetsifika
https://almet-history.tatneft.ru/istoriya/traditsionnaya-kultura/remesla-i-narodnoe-iskusstvo/d-k/interer?lang=ru"
A034,"Книги, тетради, документы",,Интерьер,"Учеба, хозяйственные записи, семейные бумаги","Вымышленная деревня верховьев Ии, Арская модель","2015 ±1, производственный ориентир",H02,Папка закрыта; детские тетради соответствуют возрасту,См. dimensions.csv; иначе конкретный размер не установлен и назначается проектом,"Бумага, картон",Тон назначать под освещение; не извлекать точный RGB из референса,Папка закрыта; детские тетради соответствуют возрасту,"Рабочее место/шкаф, не случайно весь пол","Ручки, телефон, календарь",Сгибы используемых страниц; старые документы не гниют автоматически,См. сезонный атлас и паспорт сцены,"Листание, письмо",Предложено для игры,"[""C038"", ""C032""]","[""S013""]",[],P1,Не выдавать предложенную комбинацию и размеры за обследованный типичный объект,https://historicalethnology.org/news/2024-t9-n2-4/
A035,Стиральная машина,,Интерьер,Стирка,"Вымышленная деревня верховьев Ии, Арская модель","2015 ±1, производственный ориентир",H02,Доступ к загрузке; шланги и отвод не исчезают,См. dimensions.csv; иначе конкретный размер не установлен и назначается проектом,"Металл, пластик",Тон назначать под освещение; не извлекать точный RGB из референса,Доступ к загрузке; шланги и отвод не исчезают,"Санитарная зона H02, не историческая экспозиция","Корзина, моющее средство, вода",Капли и потертости у загрузки; не обязательная ржавчина,См. сезонный атлас и паспорт сцены,Циклы отдельно от постоянного фона,Предложено для игры,"[""C038"", ""C032""]",[],[],P1,Не выдавать предложенную комбинацию и размеры за обследованный типичный объект,
A036,Радиатор и тепловой узел,,Интерьер,Отопление современного выбранного дома,"Вымышленная деревня верховьев Ии, Арская модель","2015 ±1, производственный ориентир",H02,Источник тепла и отопительные приборы согласованы,См. dimensions.csv; иначе конкретный размер не установлен и назначается проектом,"Металл, трубы",Тон назначать под освещение; не извлекать точный RGB из референса,Источник тепла и отопительные приборы согласованы,Радиаторы не перекрывают открывание дверей; техзона сзади,"Окна, вентиляция",Локальные следы ремонта; не дымящаяся батарея,См. сезонный атлас и паспорт сцены,Слабые события системы; точный звук требует записи,Предложено для игры,"[""C038"", ""C032""]",[],[],P0,Не выдавать предложенную комбинацию и размеры за обследованный типичный объект,
A037,Сохраненная печь,,Интерьер,Отопление и/или готовка в выбранном H01,"Вымышленная деревня верховьев Ии, Арская модель","2015 ±1, производственный ориентир",H01,Объем не копируется без проверки каналов и доступа,См. dimensions.csv; иначе конкретный размер не установлен и назначается проектом,"Кирпич, штукатурка/побелка, металл",Тон назначать под освещение; не извлекать точный RGB из референса,Объем не копируется без проверки каналов и доступа,H01: согласованное место у входной хозяйственной зоны,"Дрова в ограниченном количестве, инструменты","Копоть у используемых отверстий, сколы в местах касания",См. сезонный атлас и паспорт сцены,Огонь только при топке; охлаждение отдельно,Предложено для игры,"[""C038"", ""C032""]","[""S011"", ""S106"", ""S109""]","[""V006"", ""V009""]",P0,Не выдавать предложенную комбинацию и размеры за обследованный типичный объект,"https://almet-history.tatneft.ru/istoriya/traditsionnaya-kultura/remesla-i-narodnoe-iskusstvo/d-k/zhilishche-narodnoe?lang=ru
https://commons.wikimedia.org/wiki/File:Sagdi-aby_house_interior_(2021-04-26)_07.jpg
https://commons.wikimedia.org/wiki/File:Sagdi-aby_house_interior_(2021-04-26)_16.jpg"
A038,Баня,,Хозяйство,Мытье; отдельный режим пользования,"Вымышленная деревня верховьев Ии, Арская модель","2015 ±1, производственный ориентир",H01/H02/H03,H02: проект 4×5 м; предбанник отделяет влажный объем,См. dimensions.csv; иначе конкретный размер не установлен и назначается проектом,"Дерево; выбранная печь, кровля",Тон назначать под освещение; не извлекать точный RGB из референса,H02: проект 4×5 м; предбанник отделяет влажный объем,В глубине двора; доступ из чистого прохода,"Дровник, вода, место сушки","Влажность и потемнение в мокрой зоне, не во всем дворе",См. сезонный атлас и паспорт сцены,"Ведро, вода, дверь; огонь только в нужный момент",Предложено для игры,"[""C038""]","[""S010""]",[],P1,Не выдавать предложенную комбинацию и размеры за обследованный типичный объект,https://almet-history.tatneft.ru/istoriya/traditsionnaya-kultura/remesla-i-narodnoe-iskusstvo/d-k/ihata?lang=ru
A039,Сарай и кормовая зона,,Хозяйство,Инвентарь или скот — функция выбирается явно,"Вымышленная деревня верховьев Ии, Арская модель","2015 ±1, производственный ориентир",H02/H03,В H02 7×8 м проект; H03 активное животноводство отдельно,См. dimensions.csv; иначе конкретный размер не установлен и назначается проектом,Доска/сруб; местный ремонт,Тон назначать под освещение; не извлекать точный RGB из референса,В H02 7×8 м проект; H03 активное животноводство отдельно,Глубина двора; ворота обращены к проезду,"Корм/подстилка только в H03, тележка","Ударные следы на косяках, грязь по пути",См. сезонный атлас и паспорт сцены,"Дверь, инструменты; животные только при выбранной функции",Предложено для игры,"[""C038""]","[""S010"", ""S011""]",[],P0,Не выдавать предложенную комбинацию и размеры за обследованный типичный объект,"https://almet-history.tatneft.ru/istoriya/traditsionnaya-kultura/remesla-i-narodnoe-iskusstvo/d-k/ihata?lang=ru
https://almet-history.tatneft.ru/istoriya/traditsionnaya-kultura/remesla-i-narodnoe-iskusstvo/d-k/zhilishche-narodnoe?lang=ru"
A040,Дровник,,Хозяйство,Сухое хранение топлива,"Вымышленная деревня верховьев Ии, Арская модель","2015 ±1, производственный ориентир",H01/H02,Навес и проветриваемая укладка,См. dimensions.csv; иначе конкретный размер не установлен и назначается проектом,"Дерево, выбранная кровля",Тон назначать под освещение; не извлекать точный RGB из референса,Навес и проветриваемая укладка,"У бани/печного хозяйства, не в бессточном углублении","Колода, проход, тележка",Затертая дорожка к частым поленьям; торцы разной давности,См. сезонный атлас и паспорт сцены,Поленья и удары при работе,Предложено для игры,"[""C038""]","[""S010""]",[],P1,Не выдавать предложенную комбинацию и размеры за обследованный типичный объект,https://almet-history.tatneft.ru/istoriya/traditsionnaya-kultura/remesla-i-narodnoe-iskusstvo/d-k/ihata?lang=ru
A041,Огород,,Растительность,Выращивание выбранных культур,"Вымышленная деревня верховьев Ии, Арская модель","2015 ±1, производственный ориентир",H02/H03,H02: задняя зона глубиной 20 м; проходы между грядами,См. dimensions.csv; иначе конкретный размер не установлен и назначается проектом,"Грунт, посадки, опоры",Тон назначать под освещение; не извлекать точный RGB из референса,H02: задняя зона глубиной 20 м; проходы между грядами,После дворовой и хозяйственной зон,"Емкость воды, компост, инструменты","Уплотненные дорожки, свежий полив не везде одинаков",См. сезонный атлас и паспорт сцены,"Работа инструментом, шланг; не постоянный трактор",Предложено для игры,"[""C038""]","[""S010"", ""S013""]",[],P0,Не выдавать предложенную комбинацию и размеры за обследованный типичный объект,"https://almet-history.tatneft.ru/istoriya/traditsionnaya-kultura/remesla-i-narodnoe-iskusstvo/d-k/ihata?lang=ru
https://historicalethnology.org/news/2024-t9-n2-4/"
A042,Теплица как необязательный вариант,,Хозяйство,Защищенное выращивание,"Вымышленная деревня верховьев Ии, Арская модель","2015 ±1, производственный ориентир",H03,"Тип и год должны быть выбраны, не автоматический купол в каждом дворе",См. dimensions.csv; иначе конкретный размер не установлен и назначается проектом,"Каркас, прозрачное покрытие",Тон назначать под освещение; не извлекать точный RGB из референса,"Тип и год должны быть выбраны, не автоматический купол в каждом дворе","Только там, где не затенена сараем","Вода, грядки","Запотевание зависит от погоды, заплаты от ремонта",См. сезонный атлас и паспорт сцены,"Дверь, пленка/пластик по выбранному материалу",Предложено для игры,"[""C038""]",[],[],P2,Не выдавать предложенную комбинацию и размеры за обследованный типичный объект,
A043,Палисадник,,Растительность,"Цветы, экран приватности, уход","Вымышленная деревня верховьев Ии, Арская модель","2015 ±1, производственный ориентир",H02,"H02: полоса 10×3 м; дорожка ухода внутри, не заполняется кустами сплошь",См. dimensions.csv; иначе конкретный размер не установлен и назначается проектом,"Почва, посадки, простой бордюр",Тон назначать под освещение; не извлекать точный RGB из референса,"H02: полоса 10×3 м; дорожка ухода внутри, не заполняется кустами сплошь","Перед фасадом, вне въезда","Забор, окна, водосток","Проплешины у доступа к окну, полив вокруг посадок",См. сезонный атлас и паспорт сцены,"Насекомые только по сезону, собственная запись",Предложено для игры,"[""C038""]","[""S010"", ""S101""]","[""V001""]",P0,Не выдавать предложенную комбинацию и размеры за обследованный типичный объект,"https://almet-history.tatneft.ru/istoriya/traditsionnaya-kultura/remesla-i-narodnoe-iskusstvo/d-k/ihata?lang=ru
https://commons.wikimedia.org/wiki/File:New_Kyrlai_(2021-04-26)_01.jpg"
A044,Шланг и емкость для полива,,Хозяйство,Доставка воды к растениям,"Вымышленная деревня верховьев Ии, Арская модель","2015 ±1, производственный ориентир",H02/H03,Участок шланга имеет начало; емкость стоит устойчиво,См. dimensions.csv; иначе конкретный размер не установлен и назначается проектом,"Резина/полимер, металл/пластик",Тон назначать под освещение; не извлекать точный RGB из референса,Участок шланга имеет начало; емкость стоит устойчиво,"У водоразбора, не поперек главного прохода","Лейка, грядка","Водяное кольцо, налет на уровне воды",См. сезонный атлас и паспорт сцены,Наполнение/полив отдельными событиями,Предложено для игры,"[""C038""]",[],[],P1,Не выдавать предложенную комбинацию и размеры за обследованный типичный объект,
A045,Ручной инструмент,,Хозяйство,"Уход, ремонт, огород","Вымышленная деревня верховьев Ии, Арская модель","2015 ±1, производственный ориентир",H02/H03,"Лопата, грабли, ведро по конкретной работе",См. dimensions.csv; иначе конкретный размер не установлен и назначается проектом,"Дерево, металл",Тон назначать под освещение; не извлекать точный RGB из референса,"Лопата, грабли, ведро по конкретной работе",Под навесом или на рабочем месте; не все предметы разом,"Грунт, сарай","Гладкая рукоять, грязь на рабочей части",См. сезонный атлас и паспорт сцены,Удар/скребок по материалу,Предложено для игры,"[""C038""]",[],[],P1,Не выдавать предложенную комбинацию и размеры за обследованный типичный объект,
A046,Скамья у магазина,,Общественное,Короткий отдых и разговор,"Вымышленная деревня верховьев Ии, Арская модель","2015 ±1, производственный ориентир",Общественное,Посадка не мешает входу и разгрузке,См. dimensions.csv; иначе конкретный размер не установлен и назначается проектом,"Доска, металл",Тон назначать под освещение; не извлекать точный RGB из референса,Посадка не мешает входу и разгрузке,Сбоку общественного входа,"Урна, объявление","Полировка сиденья, след обуви снизу",См. сезонный атлас и паспорт сцены,Разговор и редкий скрип,Предложено для игры,"[""C038""]","[""S015"", ""S014""]",[],P1,Не выдавать предложенную комбинацию и размеры за обследованный типичный объект,"https://tatarica.org/ru/razdely/municipalnye-obrazovaniya/municipalnye-rajony/arskij-rajon/novyj-kyrlaj
https://historicalethnology.org/news/2024-t9-n2-10/"
A047,Магазин и объявление,,Общественное,Повседневные покупки,"Вымышленная деревня верховьев Ии, Арская модель","2015 ±1, производственный ориентир",Общественное,"Небольшой объем, отдельный вход, понятное время работы как вымышленный текст",См. dimensions.csv; иначе конкретный размер не установлен и назначается проектом,Кирпич/обшивка по выбранной истории,Тон назначать под освещение; не извлекать точный RGB из референса,"Небольшой объем, отдельный вход, понятное время работы как вымышленный текст","У узла дорог, не обязательный торговый центр","Подъезд, место разгрузки",Потертость порога и выцветание бумаги,См. сезонный атлас и паспорт сцены,"Дверь, холодильное оборудование и речь только при открытии",Предложено для игры,"[""C038""]","[""S015""]",[],P0,Не выдавать предложенную комбинацию и размеры за обследованный типичный объект,https://tatarica.org/ru/razdely/municipalnye-obrazovaniya/municipalnye-rajony/arskij-rajon/novyj-kyrlaj
A048,Остановка,,Общественное,Ожидание транспорта,"Вымышленная деревня верховьев Ии, Арская модель","2015 ±1, производственный ориентир",Общественное,Не ставить прямо в канаву; расписание не копировать как актуальное,См. dimensions.csv; иначе конкретный размер не установлен и назначается проектом,Металл/бетон; выбранная конструкция,Тон назначать под освещение; не извлекать точный RGB из референса,Не ставить прямо в канаву; расписание не копировать как актуальное,На подъездной дороге рядом с узлом,"Дорога, тропа к магазину","Брызги с дорожной стороны, локальные ремонты",См. сезонный атлас и паспорт сцены,"Автобус редким событием, не бесконечный холостой ход",Предложено для игры,"[""C038""]",[],[],P1,Не выдавать предложенную комбинацию и размеры за обследованный типичный объект,
A049,Мечеть и ее двор,,Общественное,Религиозная жизнь части сообщества,"Вымышленная деревня верховьев Ии, Арская модель","2015 ±1, производственный ориентир",Общественное,Отдельный общественный объект; объем после локального выбора,См. dimensions.csv; иначе конкретный размер не установлен и назначается проектом,"По конкретному локальному прототипу, пока проект",Тон назначать под освещение; не извлекать точный RGB из референса,Отдельный общественный объект; объем после локального выбора,Не дом с приклеенным минаретом; подход и двор отдельно,"Улица, вход, ограждение",Обычный уход; не источник врожденной мистики,См. сезонный атлас и паспорт сцены,Наличие усиленного призыва и расписание не установлены,Предложено для игры,"[""C038""]","[""S015"", ""S022"", ""S024""]",[],P1,Не выдавать предложенную комбинацию и размеры за обследованный типичный объект,"https://tatarica.org/ru/razdely/municipalnye-obrazovaniya/municipalnye-rajony/arskij-rajon/novyj-kyrlaj
https://tatarica.org/ru/razdely/municipalnye-obrazovaniya/municipalnye-rajony/atninskij/staryj-menger
https://tatarica.org/ru/razdely/municipalnye-obrazovaniya/municipalnye-rajony/kukmorskij-rajon-1/tuembash"
A050,Памятный объект/клуб,,Общественное,Память и собрания; раздельные функции,"Вымышленная деревня верховьев Ии, Арская модель","2015 ±1, производственный ориентир",Общественное,"Масштаб соответствует селу, не монументальный ансамбль",См. dimensions.csv; иначе конкретный размер не установлен и назначается проектом,Материал после выбранного референса,Тон назначать под освещение; не извлекать точный RGB из референса,"Масштаб соответствует селу, не монументальный ансамбль",Небольшой общественный узел,"Подход, лавка, место ухода",Более свежая краска перед уходом возможна как проект,См. сезонный атлас и паспорт сцены,Мероприятие по случаю; не непрерывный концерт,Предложено для игры,"[""C038""]","[""S015"", ""S014""]",[],P2,Не выдавать предложенную комбинацию и размеры за обследованный типичный объект,"https://tatarica.org/ru/razdely/municipalnye-obrazovaniya/municipalnye-rajony/arskij-rajon/novyj-kyrlaj
https://historicalethnology.org/news/2024-t9-n2-10/"
A051,Тропа к воде,,Ландшафт,Связь дворов/общественного места с берегом,"Вымышленная деревня верховьев Ии, Арская модель","2015 ±1, производственный ориентир",Ландшафт,"1,2 м проект; местами шире от обхода грязи",См. dimensions.csv; иначе конкретный размер не установлен и назначается проектом,"Грунт, трава",Тон назначать под освещение; не извлекать точный RGB из референса,"1,2 м проект; местами шире от обхода грязи",По физически возможному спуску,"Берег, кустарники","Колея/уплотнение по маршруту, сырость внизу",См. сезонный атлас и паспорт сцены,Шаги меняются у воды,Предложено для игры,"[""C038""]","[""S016"", ""S102""]","[""V002""]",P0,Не выдавать предложенную комбинацию и размеры за обследованный типичный объект,"https://tatarica.org/ru/razdely/priroda/gidrograficheskaya-set/reki/iya
https://commons.wikimedia.org/wiki/File:2014-07-15_14-02-02_Тукай-Кырлай.jpg"
A052,Мостик через ручей,,Ландшафт,Пешеходный переход,"Вымышленная деревня верховьев Ии, Арская модель","2015 ±1, производственный ориентир",Ландшафт,"1,5 м шириной — проект; ручей 2 м не обмер Ии",См. dimensions.csv; иначе конкретный размер не установлен и назначается проектом,Дерево/металл по выбранной конструкции,Тон назначать под освещение; не извлекать точный RGB из референса,"1,5 м шириной — проект; ручей 2 м не обмер Ии",Поперек водотока на маршруте,"Подходы, берег","Мокрые нижние части, износ в линии ходьбы",См. сезонный атлас и паспорт сцены,"Настил, вода снизу; зависит от сезона",Предложено для игры,"[""C038""]",[],[],P1,Не выдавать предложенную комбинацию и размеры за обследованный типичный объект,
A053,Березовая береговая группа,,Растительность,Масса берега и сезонная перспектива,"Вымышленная деревня верховьев Ии, Арская модель","2015 ±1, производственный ориентир",Ландшафт,Определение до рода по V002; игровая высота отдельно,См. dimensions.csv; иначе конкретный размер не установлен и назначается проектом,"Ствол, ветви, листья",Тон назначать под освещение; не извлекать точный RGB из референса,Определение до рода по V002; игровая высота отдельно,"Береговая сцена, не каждая обочина","Вода, травы",Порода не означает одинаковую белизну всех стволов,См. сезонный атлас и паспорт сцены,Листва только в облиственном состоянии,Предложено для игры,"[""C038""]","[""S102""]","[""V002""]",P0,Не выдавать предложенную комбинацию и размеры за обследованный типичный объект,https://commons.wikimedia.org/wiki/File:2014-07-15_14-02-02_Тукай-Кырлай.jpg
A054,Лесная опушка,,Ландшафт,Переход поля в древесную группу,"Вымышленная деревня верховьев Ии, Арская модель","2015 ±1, производственный ориентир",Ландшафт,"15 м переходной полосы — проект, не установленная норма",См. dimensions.csv; иначе конкретный размер не установлен и назначается проектом,"Травы, кусты, подрост, взрослые деревья",Тон назначать под освещение; не извлекать точный RGB из референса,"15 м переходной полосы — проект, не установленная норма",Между открытым пространством и лесом,"Полевая дорога, дренаж",Разные зоны света и вытаптывания,См. сезонный атлас и паспорт сцены,"Поле и лес меняются постепенно, не резкий переключатель",Предложено для игры,"[""C038""]","[""S017"", ""S027""]",[],P0,Не выдавать предложенную комбинацию и размеры за обследованный типичный объект,"https://tatarica.org/ru/razdely/municipalnye-obrazovaniya/municipalnye-rajony/arskij-rajon/arskij-rajon-1
https://tatarica.org/ru/razdely/priroda/poleznye-iskopaemye/sabinskoe-lesnichestvo"
A055,Хвойно-лиственный лесной фрагмент,,Ландшафт,Лесная среда выбранной модели,"Вымышленная деревня верховьев Ии, Арская модель","2015 ±1, производственный ориентир",Ландшафт,Не все районные породы в каждом квадрате; отдельные сообщества,См. dimensions.csv; иначе конкретный размер не установлен и назначается проектом,Ель/сосна/лиственные по региональной основе,Тон назначать под освещение; не извлекать точный RGB из референса,Не все районные породы в каждом квадрате; отдельные сообщества,Отдельный участок за открытым переходом,"Опушка, тропа","Валежник объясняется падением дерева, не рассыпан равномерно",См. сезонный атлас и паспорт сцены,"Ветер, птицы и шаги по сезону; запись не получена",Предложено для игры,"[""C038""]","[""S017"", ""S027""]",[],P0,Не выдавать предложенную комбинацию и размеры за обследованный типичный объект,"https://tatarica.org/ru/razdely/municipalnye-obrazovaniya/municipalnye-rajony/arskij-rajon/arskij-rajon-1
https://tatarica.org/ru/razdely/priroda/poleznye-iskopaemye/sabinskoe-lesnichestvo"
A056,Вещь-память: свадебный сувенир,,Интерьер,Показывает долгую биографию семьи,"Вымышленная деревня верховьев Ии, Арская модель","2015 ±1, производственный ориентир",H01,"Небольшой диаскоп/кукла только после отдельного выбора, не обязательный атрибут",См. dimensions.csv; иначе конкретный размер не установлен и назначается проектом,Пластик/ткань по предмету,Тон назначать под освещение; не извлекать точный RGB из референса,"Небольшой диаскоп/кукла только после отдельного выбора, не обязательный атрибут","Полка серванта H01, не у всех жителей","Альбом, семейная посуда",Берегущийся предмет может быть мало изношен,См. сезонный атлас и паспорт сцены,Ручное перекладывание,Предложено для игры,"[""C038"", ""C032""]","[""S013""]",[],P2,Не выдавать предложенную комбинацию и размеры за обследованный типичный объект,https://historicalethnology.org/news/2024-t9-n2-4/
