av_id,title,place,season_time,continuous_or_event,sound_character,distance_and_barriers,source_ids,url,start_timecode,end_timecode,actually_listened,recording_status,confirmed_by_recording,game_use,rights,needs_own_recording,evidence_status,mixing_notes,source_urls
AV001,Дневная улица,ST01,"Лето, обычный день",Фон + редкие события,"Листва/дальний быт; один проезд или разговор, не все события одновременно",Ближняя обочина; отдельные звуки за ограждением,"[""S101"", ""S014""]",,,,False,Производственная карточка собственной записи; фонограмма отсутствует,Ничего: прослушивания не было,"Листва/дальний быт; один проезд или разговор, не все события одновременно",Право включения фонограммы не получено; собственная запись или отдельная лицензия,True,Предложено для игры,Уровни dB и спектральные параметры не измерены; настраивать после записи,"https://commons.wikimedia.org/wiki/File:New_Kyrlai_(2021-04-26)_01.jpg
https://historicalethnology.org/news/2024-t9-n2-10/"
AV002,Калитка и ворота,Вход H02,Любой сезон; сухой/влажный варианты,Событие,"Отдельно защелка, петли, ход полотна и удар ограничителя",Рядом; из дома приглушается двумя дверями,"[""S101""]",,,,False,Производственная карточка собственной записи; фонограмма отсутствует,Ничего: прослушивания не было,"Отдельно защелка, петли, ход полотна и удар ограничителя",Право включения фонограммы не получено; собственная запись или отдельная лицензия,True,Предложено для игры,Уровни dB и спектральные параметры не измерены; настраивать после записи,https://commons.wikimedia.org/wiki/File:New_Kyrlai_(2021-04-26)_01.jpg
AV003,Кухня H02,SC05,Утро/вечер,Фон прибора + действия,"Вода, чашка, ложка, чайник и редкий цикл холодильника по действию",Близко; за закрытой кухонной дверью иной уровень,[],,,,False,Производственная карточка собственной записи; фонограмма отсутствует,Ничего: прослушивания не было,"Вода, чашка, ложка, чайник и редкий цикл холодильника по действию",Право включения фонограммы не получено; собственная запись или отдельная лицензия,True,Предложено для игры,Уровни dB и спектральные параметры не измерены; настраивать после записи,
AV004,Жилая комната,SC06,Вечер,Медиа + отдельные движения,"Негромкая речь из телевизора, ткань, шаг по ковру; радио не дублирует ТВ без причины",Прямой звук в комнате; из окна теряет разборчивость,"[""S036""]",,,,False,Производственная карточка собственной записи; фонограмма отсутствует,Ничего: прослушивания не было,"Негромкая речь из телевизора, ткань, шаг по ковру; радио не дублирует ТВ без причины",Право включения фонограммы не получено; собственная запись или отдельная лицензия,True,Предложено для игры,Уровни dB и спектральные параметры не измерены; настраивать после записи,https://tnv.ru/about/
AV005,Рабочий двор,H03,День по хозяйственному календарю,События,"Ведро, тележка, кормление или работа инструментом; животное только в выбранном дворе",Частично закрыто сараем/забором,"[""S010""]",,,,False,Производственная карточка собственной записи; фонограмма отсутствует,Ничего: прослушивания не было,"Ведро, тележка, кормление или работа инструментом; животное только в выбранном дворе",Право включения фонограммы не получено; собственная запись или отдельная лицензия,True,Предложено для игры,Уровни dB и спектральные параметры не измерены; настраивать после записи,https://almet-history.tatneft.ru/istoriya/traditsionnaya-kultura/remesla-i-narodnoe-iskusstvo/d-k/ihata?lang=ru
AV006,Баня,SC07,Выбранный день топки,События,"Вода, дерево двери, ведро; огонь только при топке",Малое помещение; предбанник как преграда,"[""S010""]",,,,False,Производственная карточка собственной записи; фонограмма отсутствует,Ничего: прослушивания не было,"Вода, дерево двери, ведро; огонь только при топке",Право включения фонограммы не получено; собственная запись или отдельная лицензия,True,Предложено для игры,Уровни dB и спектральные параметры не измерены; настраивать после записи,https://almet-history.tatneft.ru/istoriya/traditsionnaya-kultura/remesla-i-narodnoe-iskusstvo/d-k/ihata?lang=ru
AV007,Вода и берег,SC09,Весенний расход / спокойное лето,Фон по состоянию,"Весенняя вода не тот же луп, что спокойный пруд; движения травы и отдельные капли",У воды; за кустарником прямой звук меняется,"[""S016"", ""S102""]",,,,False,Производственная карточка собственной записи; фонограмма отсутствует,Ничего: прослушивания не было,"Весенняя вода не тот же луп, что спокойный пруд; движения травы и отдельные капли",Право включения фонограммы не получено; собственная запись или отдельная лицензия,True,Предложено для игры,Уровни dB и спектральные параметры не измерены; настраивать после записи,"https://tatarica.org/ru/razdely/priroda/gidrograficheskaya-set/reki/iya
https://commons.wikimedia.org/wiki/File:2014-07-15_14-02-02_Тукай-Кырлай.jpg"
AV008,Окраина и поле,SC10,"Лето, день/сумерки раздельно",Фон + редкая техника,Ветер по траве; удаленная работа при событии; село не исчезает мгновенно,Открытое пространство без стены плотного леса,"[""S017""]",,,,False,Производственная карточка собственной записи; фонограмма отсутствует,Ничего: прослушивания не было,Ветер по траве; удаленная работа при событии; село не исчезает мгновенно,Право включения фонограммы не получено; собственная запись или отдельная лицензия,True,Предложено для игры,Уровни dB и спектральные параметры не измерены; настраивать после записи,https://tatarica.org/ru/razdely/municipalnye-obrazovaniya/municipalnye-rajony/arskij-rajon/arskij-rajon-1
AV009,Опушка,SC11,Летнее утро,Фон; птицы как записываемые кандидаты,Проверить зяблика/синицу и другие указанные региональные виды; не симулировать факт присутствия,"Кусты, разреженная крона; разное положение птиц","[""S017""]",,,,False,Производственная карточка собственной записи; фонограмма отсутствует,Ничего: прослушивания не было,Проверить зяблика/синицу и другие указанные региональные виды; не симулировать факт присутствия,Право включения фонограммы не получено; собственная запись или отдельная лицензия,True,Предложено для игры,Уровни dB и спектральные параметры не измерены; настраивать после записи,https://tatarica.org/ru/razdely/municipalnye-obrazovaniya/municipalnye-rajony/arskij-rajon/arskij-rajon-1
AV010,Лесной фрагмент,SC12,Лето/поздняя осень отдельно,Фон + шаги,"Ветер в кронах, шаги по выбранной подстилке; не одинаковая запись лиственного и хвойного леса",Преграды стволов и рельефа; без назначенных псевдоизмеренных частот,"[""S017"", ""S027""]",,,,False,Производственная карточка собственной записи; фонограмма отсутствует,Ничего: прослушивания не было,"Ветер в кронах, шаги по выбранной подстилке; не одинаковая запись лиственного и хвойного леса",Право включения фонограммы не получено; собственная запись или отдельная лицензия,True,Предложено для игры,Уровни dB и спектральные параметры не измерены; настраивать после записи,"https://tatarica.org/ru/razdely/municipalnye-obrazovaniya/municipalnye-rajony/arskij-rajon/arskij-rajon-1
https://tatarica.org/ru/razdely/priroda/poleznye-iskopaemye/sabinskoe-lesnichestvo"
AV011,Зимний путь к сараю,H02,Мороз / оттепель отдельно,События,"Сухой снег и мокрый снег записываются отдельно; дверь, одежда, дыхание при близком ракурсе",Близко; дальний поселок не обязан быть полностью немым,[],,,,False,Производственная карточка собственной записи; фонограмма отсутствует,Ничего: прослушивания не было,"Сухой снег и мокрый снег записываются отдельно; дверь, одежда, дыхание при близком ракурсе",Право включения фонограммы не получено; собственная запись или отдельная лицензия,True,Предложено для игры,Уровни dB и спектральные параметры не измерены; настраивать после записи,
AV012,Магазин и остановка,SC08,Рабочие часы,Фон + речь + транспорт,"Дверь, бытовое оборудование; транспорт прибывает событием, не по выдуманному реальному расписанию","Навес, тамбур, открытое пространство","[""S015""]",,,,False,Производственная карточка собственной записи; фонограмма отсутствует,Ничего: прослушивания не было,"Дверь, бытовое оборудование; транспорт прибывает событием, не по выдуманному реальному расписанию",Право включения фонограммы не получено; собственная запись или отдельная лицензия,True,Предложено для игры,Уровни dB и спектральные параметры не измерены; настраивать после записи,https://tatarica.org/ru/razdely/municipalnye-obrazovaniya/municipalnye-rajony/arskij-rajon/novyj-kyrlaj
AV013,Радио и телевизионная среда,Дом/автомобиль,2015,Внутримировая запись,Оригинальный текст передачи/музыка с правами; не копировать действующий эфир без лицензии,Из приемника и через дверь/окно,"[""S036""]",https://tnv.ru/about/,,,False,Кандидат по метаданным; не прослушано,Ничего: прослушивания не было,Оригинальный текст передачи/музыка с правами; не копировать действующий эфир без лицензии,Право включения фонограммы не получено; собственная запись или отдельная лицензия,True,Не установлено,Уровни dB и спектральные параметры не измерены; настраивать после записи,https://tnv.ru/about/
AV014,"Чтение Шурале, часть 1",Не установлено,Не установлено,Видеокандидат,"Сначала проверить язык, исполнение, монтаж, таймкоды и права",Не установлено,"[""S037""]",https://www.youtube.com/watch?v=jgc8aln7CI8,,,False,Кандидат по метаданным; не прослушано,Ничего: прослушивания не было,"Сначала проверить язык, исполнение, монтаж, таймкоды и права",Право включения фонограммы не получено; собственная запись или отдельная лицензия,True,Не установлено,Уровни dB и спектральные параметры не измерены; настраивать после записи,https://www.youtube.com/watch?v=jgc8aln7CI8
AV015,Архив традиционной культуры,Учреждение,Разные периоды,Поисковое направление,"Запросить полевую запись с паспортом, а не сценический сборный концерт",Не установлено,"[""S035""]",https://tatcultresurs.ru/gbu-tatkultresurscentr,,,False,Кандидат по метаданным; не прослушано,Ничего: прослушивания не было,"Запросить полевую запись с паспортом, а не сценический сборный концерт",Право включения фонограммы не получено; собственная запись или отдельная лицензия,True,Не установлено,Уровни dB и спектральные параметры не измерены; настраивать после записи,https://tatcultresurs.ru/gbu-tatkultresurscentr
AV016,Голос Шурале,Художественная сцена,По выбранной интерпретации,Событие,"Оригинальная актерская речь: осмысленное обращение, смех, боль/раздражение; не этнографическая фонограмма","Положение существа проверяется сценой, не случайный звук со всех сторон","[""S031""]",,,,False,Производственная карточка собственной записи; фонограмма отсутствует,Ничего: прослушивания не было,"Оригинальная актерская речь: осмысленное обращение, смех, боль/раздражение; не этнографическая фонограмма",Право включения фонограммы не получено; собственная запись или отдельная лицензия,True,Предложено для игры,Уровни dB и спектральные параметры не измерены; настраивать после записи,https://tugan-tel.tatar/adabiyat/shigriyat/Gabdulla_Tukai/shurale.pdf
