relative_path,bytes,sha256,kind
00_START_HERE.md,4549,ca8cec3d372c48866cf5c5e66172fd056b570560d27b8ebf6a79eb3f46904ea9,md
MASTER_REPORT.docx,2010544,e880ba899dd13d8bc63ec93ec92e66322fd0b77367db68a5aa4520656f74f400,docx
MASTER_REPORT.md,235753,42e115b9eec5f54f2d6cf53a6a0c869ff821d2d66ac80b5d57b1df24bbe02613,md
MASTER_REPORT.pdf,1588701,2f23d8d67f634b4dc49d3cffc9ade7d53e7a427a4deb54a1443453d1ddb3fa8b,pdf
QUALITY_REPORT.md,6425,ca305d84a3c100e4c6528427ab4837fb48723a7e012918ffa9de4149273846cd,md
RIGHTS_AND_ATTRIBUTION.md,7022,9df86c33b0d370fdd9c4ac6dfa63402cd3c9b1f1cbe0d42e7fee4137379cc1ac,md
audio_references/README.md,1547,41c080d8908752ed8362aef9ad6e24cad0d338dd1de636a8e4d997206c6dab29,md
data/README.md,3115,d0f6af4bc6a98a57015dcc348c79994d33955bc510f3de5bd70a7f5bc92685f1,md
data/assets.csv,83068,154e88b47b1aa83e19159739297a516d51063864baa93fef047ef1fe7dc0ebc9,csv
data/audio_video_references.csv,17955,00108ce1d2efa01c40c60ee0fcf7b5333a3d0306e31df843ba39b94b620b45bb,csv
data/chapter_index.json,1807,0b036e1bbdef964cecb653f386b9af7eb80b8f317061b726c969c33f8ab8e29c,json
data/chronology.csv,13984,98099b1b94d5c9f10eed749142f4b3ab842d5fe2590d185ec6e39159a97e5158,csv
data/claims.csv,25513,b9f0196c2a5e6395af36f874e0d39e51b22b65eede6e541d314675bba8899cca,csv
data/database.json,430297,374d4ad494b47a9b60b9eb3a0bb115d540eb3dbe46a6badba26316d5b0cca3e0,json
data/dimensions.csv,10170,22128882515a4fe67ac41dca409a99e6b7a9b310d54fe1ab92b3013bd3525363,csv
data/gaps.csv,7773,311ffcb696f4e64303eab486ed406be79ad729dab36133e175cd2bd9fd183417,csv
data/households.csv,10880,1655a74750509af07978e8b5034385c2a5343e68e33c7ef800cfde6362ea6f91,csv
data/knowledge.jsonl,397915,930541915bb1e01b8227b4de26ac7692228444df4f22af82f55ad7cc97f00d16,jsonl
data/language_terms.csv,5343,106afd37770729e7cd1219fb33a29cfd92a583fc5c5eb23ed4620a97b9021e47,csv
data/light_estimates.csv,2994,16fa44129b0e17f8d523625b1a964343ee5e2181b943f1eb7bd7676728ba37db,csv
data/mythology_motifs.csv,8660,591e0a90e54151b82ec957fae19b31e9935148a373d833add5570b332db999b8,csv
data/plants_and_seasons.csv,8292,4dd61d27ffec267b4ef21ac89bab0fddae03ed9d3cea2749ea6a6dba9e726e32,csv
data/quality_checks.json,1524,230f38ff292359ab4212babfea378d551ef324a0f752a41d2e12b97d8835919a,json
data/research_database.xlsx,121689,b3cfff1234cbb966890e360f2be0f576669c71793d888c5f84f0f7c91cdfc01c,xlsx
data/scenes.csv,18639,7d5eb84e283246c3e22d1077f0a9a83097ad5b31b7cef8a5ab0dab8a851eeb42,csv
data/seasons.csv,8373,feda648588786fad863d7522c99162c98ca4bedd92435e41d196d6bbe74bf6fe,csv
data/sources.csv,41849,557488e16bf2795322a889d86f51d47f2790bd1dfcb5ecfdcf04439a129cefd9,csv
data/villages.csv,6293,d130d87f8bb4f252c2076f85e5583db069bbe14f170e8aa0ecb889bf1f843360,csv
data/visual_references.csv,30048,333d6a3cd0d2f6819164569b20c12636f63d13634419094990e17671dd820748,csv
diagrams/homesteads/H02_lot.png,119950,472af11d8250895db7b023a12d804dd7bfe2c0e47d3f37fda9d47e42e33b0dce,png
diagrams/homesteads/H02_lot.svg,7282,09f21ed6b1288ccb0f7f16ad60ab0d767078bb8f5400c0372981144384ac4c9a,svg
diagrams/interiors/H01_plan.png,57130,0fa7947c785666d35092faf78a82998d0fd25bc80adff4b92a3b741907584503,png
diagrams/interiors/H01_plan.svg,4903,c2205bca9bd804c9d32a6d1cdda04a452fe072f7bfa1f5858358f3dbe750b9a2,svg
diagrams/interiors/H02_plan.png,61588,88cf94a2f6256dd5811998cdc3cfbc81f0325b13c711be113f1d385bbbd59cab,png
diagrams/interiors/H02_plan.svg,6150,cbbe1e33d1f5ad34c876e2eb5367949a9cbd0840b7aa57951a9626b61cdae502,svg
diagrams/interiors/H03_plan.png,58487,02ec27fddaf59fe3a612f77c5106156a0ab0683afba08d777861114e614a962d,png
diagrams/interiors/H03_plan.svg,5656,252c79a7c91cb25447adfc02e22571f53803c2c6f5e7407e75e3b15e857c5a4e,svg
diagrams/interiors/H04_plan.png,63192,1af61ba64c162b577270aa871f318660f94a606d363547404cbbb878bcd97f80,png
diagrams/interiors/H04_plan.svg,5797,c1006a21a467ff655422637df4e49b6dc492fab6f1b435400205e149fb02f55e,svg
diagrams/interiors/H05_plan.png,56181,29f6953e665ebd29781bd5aa49c8fdce297333571440ef95eaa4440cf0c37041,png
diagrams/interiors/H05_plan.svg,4777,b2c304526aa0d41ff84587fbea0040d639e79aa1e9452aba6ba98017bdb84d99,svg
diagrams/streets/street_profiles.png,105257,1f8b63368b8f9209af0f8e23d56ba353c62b79f8c7ec335d3db0425f553e81ea,png
diagrams/streets/street_profiles.svg,8899,ebffbbbd68416f5e6f58f5af041a435745fe47eb1db0ffbbf2f679612a73c190,svg
diagrams/village/landscape_transition.png,54913,47e8457f4fb7646e321bf3792554731d024d8f33fffdc016229a6d843874ccb0,png
diagrams/village/landscape_transition.svg,2813,c4de79e89c4134641876afced2da569ab05445555b69b8285176cc112c425b0d,svg
diagrams/village/village_structure.png,101007,b18ec80ea5e8ab0a108929142073d954fcd1939568bdbd9c8befdcec0f6a4511,png
diagrams/village/village_structure.svg,4197,c6268dcae7a1d58b7d3669c099b9cb1d24960cef1404467dbbfb76cae0f13ace,svg
production/ART_DIRECTION_GUIDE.md,5902,5c40c68a5ab88392ac6d04f2cf92093ca66990e5163157d43bcbb5a5d7bcf03f,md
production/AUTHENTICITY_CHECKLIST.md,3923,48098e2c6108d18fad70a211e69b4abe5225e7c361eba4f9dabe0add39e85ef7,md
production/CODEX_HANDOFF.md,7015,1a9a6761727d848d88b1c1bfbf0583eff45807246ff8598d385c5edaa685d8b4,md
research/01_sources_and_method.md,23846,526a31720b0b5dbed1bb7460479c43350d0c6d6512956eef4fa933ea606b4d42,md
research/02_region_and_time.md,24383,9b2c4be35123201aa89c5f3b7e15280182999031aed3d161ddc918052439a78f,md
research/03_village_layout_and_dimensions.md,9929,4200b28b7d36c060780f763b7fe949b0ecd2ce943da9401630824f7cacd954b7,md
research/04_houses_facades_and_yards.md,21190,24b82f3025824432f98800854d2004f61425d0e0f0aab9883f4d07c09adc72a6,md
research/05_interiors_and_household_objects.md,18271,2864bc5a35c83746759935ebdcba958f1fd89acd59734dee671cf111ea6a26c9,md
research/06_gardens_landscape_and_seasons.md,22323,53871606147e3af82f63352fa590e3b7fdc08ebad397f0fa700344b94f90cedd,md
research/07_people_language_and_media.md,14874,177c55bf2b0dd84315f84ce9f5404121ba3f57c26d164bb1adec8e34fa63cd1d,md
research/08_shurale_and_mythology.md,21012,a3c120fdc9ed9d1a68f8ba4eebc3d8aa6a430bbf5e3fa374ea78efd39c6fe297,md
research/09_soundscape.md,29245,3aa30b66393695a9e3b57ae66da90ceaed5d1e7cc074444528034c6670862bb2,md
research/10_visual_reference_atlas.md,32067,f0dbde4ac9acc7312d51400863157614f49158f5a873b108d61ab18b64555db7,md
research/11_scene_specs.md,36174,e1567fc4f25948c9efcb74ce3f891587b1d44aecb1a62e28b3a00adf9470765a,md
research/12_authenticity_risks_and_open_questions.md,16238,397ed20e36a6d0a88154d855d814a8b3b0272345ac3ae62a4e9ebd5cfb3c2a6c,md
research/13_asset_catalog.md,78062,83acdc7f7f10970086af855bd60539e21e686571404b4a383e351515bc5284ee,md
visual_references/VISUAL_ATLAS.html,57573,beec2d14b3ba052009d57aec8c6da3eba7bcf57071caeb754e7eff0c2d198c6e,html
visual_references/VISUAL_ATLAS.pdf,9798547,2fbb516ad2bf3f5399b9941cab4cfbd27f33cadd0ab5cf2097f10ca20224b398,pdf
visual_references/annotated/V001_annotated.png,613853,c0061b760ad8f7b0705da4f67e8c1b283e592705c5a53364e4b4eef513a4f16d,png
visual_references/annotated/V002_annotated.png,580882,201357c66e81bce76033ec521f9f6efeec8931fd6459615d5a81e2f92ca846da,png
visual_references/annotated/V003_annotated.png,549237,41f41b2f87b3c3a9dddfee33b6b904897fc9e38ae98f783071d11a2eab4a5eb9,png
visual_references/annotated/V004_annotated.png,619466,db92b096f3c1af5015ddcd8c40b2ee4c93a6f6a4abe17c0874ff2cd96837db91,png
visual_references/contact_sheets/local_reference_contact_sheet.png,1310796,0b3b007f05bb9c44444cb1955c59c013107a870a9c8cf3625b4c7622b5c4018c,png
visual_references/interiors/V003_reference_preview.png,108052,f8cc8002291c5d778024622130afdce2debce399fe19fd68b8af619be5bff140,png
visual_references/interiors/V004_reference_preview.png,120746,8bb7a24016c1e8a45593bbcff13e036c148dec118e9cab2630bffaf38b1eb445,png
visual_references/photographs/V001_reference_preview.png,118324,c80f29a4cc7bfaa20c26b49c4ca96303f3b30b21a002d7563323c31aa28ae475,png
visual_references/photographs/V002_reference_preview.png,113468,04560bbf0a8977aa46989bab240a34a440470e3e9a728f901cbe55a5745f2c30,png
