host	Apple M4 Pro (local)	2026-09-10T09:32:12.5104900Z
viewport	1920x1080	renderer	Forward+	msaa	2x
scene	nodes	avg_frame_ms	p95_frame_ms	max_frame_ms	avg_fps	low_floor_30fps
day_street	2494	8.323	9.595	16.771	120.15	PASS
house_old_pc	1794	8.304	8.514	12.748	120.42	PASS
kara_urman_edge	1754	8.334	9.084	9.321	119.99	PASS
# 2026-09-14: exported macOS release candidate native_20260914_r34_candidate, launched from the
# unpacked URMAN.app bundle with --print-fps --quit-after 1500 under protected_run.py;
# real Metal context and a real window, renderer available, preset=medium scale=0.90 msaa=2x.
# Godot --print-fps reports per-second FPS, so only avg/max frame time can be derived;
# there is no per-frame p95 for this probe.
packaged_release_r34_native	28157	9.390	n/a	10.526	106.50	PASS
# samples=12 min_fps=95 max_fps=115 mean_fps=106.5
