file	width	height	mode	left_right_mae	top_bottom_mae
grass_verge_v1_albedo.png	1024	1024	RGB	0.000	0.000
grass_verge_v2_albedo.png	1024	1024	RGB	8.397	7.395
roof_slate_v1_albedo.png	1024	1024	RGB	7.339	9.215
roof_metal_v2_albedo.png	1024	1024	RGB	9.852	7.830
roof_shingle_v3_albedo.png	1024	1024	RGB	0.000	9.750
bark_birch_v1_albedo.png	1024	1024	RGB	0.000	0.000
bark_birch_v2_albedo.png	1024	1024	RGB	0.000	0.000
bark_pine_v1_albedo.png	1024	1024	RGB	9.715	8.274
leaf_birch_v1_albedo.png	1024	1024	RGB	0.000	8.586
leaf_birch_v2_albedo.png	1024	1024	RGB	9.071	7.284
log_wall_v1_albedo.png	1024	1024	RGB	5.440	0.000
log_wall_v2_albedo.png	1024	1024	RGB	7.087	0.000
wallpaper_old_v1_albedo.png	1024	1024	RGB	0.000	0.000
wallpaper_old_v2_albedo.png	1024	1024	RGB	0.000	5.167
wall_institution_v1_albedo.png	1024	1024	RGB	7.811	0.000
ornament_trim_v1_albedo.png	1024	1024	RGB	9.417	0.000
carpet_palas_v1_albedo.png	1024	1024	RGB	0.000	0.000
fabric_chit_v1_albedo.png	1024	1024	RGB	0.000	0.000
wood_carved_gate_v1_albedo.png	1024	1024	RGB	0.000	0.000
